
SQL>
SQL>
SQL>
SQL> REM LIKE : FOR PATTERN MATCHING
SQL>
SQL> REM DISPLAY THOSE FIRST_NAME WHICH STARTS WITH ALPHABET 'P'
SQL>
SQL> REM DISPLAY THOSE FIRST_NAME WHICH ENDS WITH ALPHABET 'n'
SQL>
SQL> REM DISPLAY THOSE FIRST_NAME WHICH CONTAINS ALPHABET 'e'
SQL>
SQL> REM DISPLAY THOSE FIRST_NAME WITH LENGTH 6
SQL>
SQL> REM DISPLAY THOSE FIRST_NAME WITH LENGTH 6 OR MORE
SQL>
SQL> REM DISPLAY THOSE FIRST_NAME WITH LENGTH 6 AND LESS
SQL>
SQL> REM DISPLAY THOSE FIRST_NAME WITH LENGTH OTHER THAN 6
SQL>
SQL> REM LIKE SUPPORTS TWO WILD CARD CHARACTERS : _ %
SQL>
SQL>  REM ANY OTHER OPERATOR DOESN'T SUPPORT WILD CARD CHARACTER
SQL>
SQL> REM _ : REPRESENTS SINGLE CHARCTER AT THE POSITION
SQL>
SQL> REM % : REPRESENTS 0 OR MORE CHARACTERS AT THE POSITION
SQL>
SQL>
SQL>
SQL> REM DISPLAY THOSE FIRST_NAME WITH LENGTH 6
SQL>
SQL> SELECT FIRST_NAME FROM EMPLOYEES WHERE FIRST_NAME LIKE '______';

FIRST_NAME
---------------
Steven
Trenna
Curtis

SQL>
SQL> REM DISPLAY THOSE FIRST_NAME WITH LENGTH 6 OR MORE
SQL>
SQL> SELECT FIRST_NAME FROM EMPLOYEES WHERE FIRST_NAME LIKE '______%';

FIRST_NAME
---------------
Steven
Alexander
Trenna
Curtis
Randall
Jonathon
Kimerely
Jennifer
Michael
Shelley
William

11 rows selected.

SQL>
SQL> SELECT FIRST_NAME FROM EMPLOYEES WHERE FIRST_NAME LIKE '%______';

FIRST_NAME
---------------
Steven
Alexander
Trenna
Curtis
Randall
Jonathon
Kimerely
Jennifer
Michael
Shelley
William

11 rows selected.

SQL>
SQL> SELECT FIRST_NAME FROM EMPLOYEES WHERE FIRST_NAME LIKE '__%____';

FIRST_NAME
---------------
Steven
Alexander
Trenna
Curtis
Randall
Jonathon
Kimerely
Jennifer
Michael
Shelley
William

11 rows selected.

SQL>
SQL> SELECT FIRST_NAME FROM EMPLOYEES WHERE FIRST_NAME LIKE '__%__%__';

FIRST_NAME
---------------
Steven
Alexander
Trenna
Curtis
Randall
Jonathon
Kimerely
Jennifer
Michael
Shelley
William

11 rows selected.

SQL>
SQL> REM DISPLAY THOSE FIRST_NAME WITH LENGTH OTHER THAN 6
SQL>
SQL> SELECT FIRST_NAME FROM EMPLOYEES WHERE FIRST_NAME LIKE '______';

FIRST_NAME
---------------
Steven
Trenna
Curtis

SQL>
SQL> SELECT FIRST_NAME FROM EMPLOYEES WHERE FIRST_NAME NOT LIKE '______';

FIRST_NAME
---------------
Neena
Lex
Alexander
Bruce
Diana
Kevin
Randall
Peter
Eleni
Ellen
Jonathon
Kimerely
Jennifer
Michael
Pat
Shelley
William

17 rows selected.

SQL>
SQL>
SQL> SELECT FIRST_NAME FROM EMPLOYEES WHERE FIRST_NAME LIKE '______%';

FIRST_NAME
---------------
Steven
Alexander
Trenna
Curtis
Randall
Jonathon
Kimerely
Jennifer
Michael
Shelley
William

11 rows selected.

SQL>
SQL> SELECT FIRST_NAME FROM EMPLOYEES WHERE FIRST_NAME NOT LIKE '______%';

FIRST_NAME
---------------
Neena
Lex
Bruce
Diana
Kevin
Peter
Eleni
Ellen
Pat

9 rows selected.

SQL>
SQL> SELECT FIRST_NAME FROM EMPLOYEES WHERE FIRST_NAME NOT LIKE '_______%';

FIRST_NAME
---------------
Steven
Neena
Lex
Bruce
Diana
Kevin
Trenna
Curtis
Peter
Eleni
Ellen
Pat

12 rows selected.

SQL> REM DISPLAY THOSE FIRST_NAME WITH LENGTH 6 AND LESS
SQL>
SQL> SELECT FIRST_NAME FROM EMPLOYEES WHERE FIRST_NAME NOT LIKE '_______%';

FIRST_NAME
---------------
Steven
Neena
Lex
Bruce
Diana
Kevin
Trenna
Curtis
Peter
Eleni
Ellen
Pat

12 rows selected.

SQL>
SQL>
SQL> REM DISPLAY THOSE FIRST_NAME WHICH STARTS WITH ALPHABET 'P'
SQL>
SQL> SELECT FIRST_NAME FROM EMPLOYEES WHERE FIRST_NAME LIKE 'P%';

FIRST_NAME
---------------
Peter
Pat

SQL>
SQL> SELECT FIRST_NAME FROM EMPLOYEES WHERE FIRST_NAME LIKE 'P__';

FIRST_NAME
---------------
Pat

SQL>
SQL> REM DISPLAY THOSE FIRST_NAME WHICH ENDS WITH ALPHABET 'n'
SQL>
SQL> SELECT FIRST_NAME FROM EMPLOYEES WHERE FIRST_NAME LIKE '%n';

FIRST_NAME
---------------
Steven
Kevin
Ellen
Jonathon

SQL>
SQL>
SQL> REM DISPLAY THOSE FIRST_NAME WHICH CONTAINS ALPHABET 'e'
SQL>
SQL> SELECT FIRST_NAME FROM EMPLOYEES WHERE FIRST_NAME LIKE '%e%';

FIRST_NAME
---------------
Steven
Neena
Lex
Alexander
Bruce
Kevin
Trenna
Peter
Eleni
Ellen
Kimerely
Jennifer
Michael
Shelley

14 rows selected.

SQL>
SQL>
SQL> SELECT FIRST_NAME FROM EMPLOYEES WHERE FIRST_NAME LIKE '%e%e%';

FIRST_NAME
---------------
Steven
Neena
Alexander
Peter
Kimerely
Jennifer
Shelley

7 rows selected.

SQL>
SQL> SELECT FIRST_NAME FROM EMPLOYEES WHERE FIRST_NAME LIKE '%ee%';

FIRST_NAME
---------------
Neena

SQL>
SQL> SELECT FIRST_NAME FROM EMPLOYEES WHERE FIRST_NAME LIKE '%e_e%';

FIRST_NAME
---------------
Steven
Peter
Kimerely

SQL>
SQL> SELECT FIRST_NAME FROM EMPLOYEES WHERE FIRST_NAME LIKE '%e__e%';

FIRST_NAME
---------------
Shelley

SQL>
SQL> SELECT FIRST_NAME FROM EMPLOYEES WHERE FIRST_NAME LIKE '%e%e%';

FIRST_NAME
---------------
Steven
Neena
Alexander
Peter
Kimerely
Jennifer
Shelley

7 rows selected.

SQL>
SQL> SELECT FIRST_NAME FROM EMPLOYEES WHERE FIRST_NAME LIKE '_e%e%';

FIRST_NAME
---------------
Neena
Peter
Jennifer

SQL>
SQL> SELECT FIRST_NAME FROM EMPLOYEES WHERE FIRST_NAME LIKE '%e%e_';

FIRST_NAME
---------------
Steven
Alexander
Peter
Jennifer
Shelley

SQL>
SQL> SELECT FIRST_NAME FROM EMPLOYEES WHERE FIRST_NAME LIKE '_e%e_';

FIRST_NAME
---------------
Peter
Jennifer

SQL>
SQL>
SQL> SELECT FIRST_NAME FROM EMPLOYEES;

FIRST_NAME
---------------
Steven
Neena
Lex
Alexander
Bruce
Diana
Kevin
Trenna
Curtis
Randall
Peter
Eleni
Ellen
Jonathon
Kimerely
Jennifer
Michael
Pat
Shelley
William

20 rows selected.

SQL>
SQL> SELECT FIRST_NAME FROM EMPLOYEES WHERE FIRST_NAME LIKE '%ll%';

FIRST_NAME
---------------
Randall
Ellen
Shelley
William

SQL>
SQL>
SQL> SELECT FIRST_NAME FROM EMPLOYEES WHERE FIRST_NAME LIKE '_o%o_';

FIRST_NAME
---------------
Jonathon

SQL>
SQL> SELECT HIRE_DATE FROM EMPLOYEES;

HIRE_DATE
---------
17-JUL-87
21-SEP-89
13-JAN-93
03-JAN-90
21-MAY-91
07-FEB-99
16-NOV-99
17-OCT-95
29-JAN-97
15-MAR-98
09-JUL-98
29-JAN-00
11-MAY-96
24-MAR-98
24-MAY-99
17-SEP-87
17-FEB-96
17-AUG-97
07-JUN-94
07-JUN-94

20 rows selected.

SQL>
SQL> REM JAN , JUN
SQL>
SQL> SELECT HIRE_DATE FROM EMPLOYEES WHERE HIRE_DATE LIKE 'JAN';

no rows selected

SQL> SELECT HIRE_DATE FROM EMPLOYEES WHERE HIRE_DATE LIKE '___JAN___';

HIRE_DATE
---------
13-JAN-93
03-JAN-90
29-JAN-97
29-JAN-00

SQL> SELECT HIRE_DATE FROM EMPLOYEES WHERE HIRE_DATE LIKE '%J%';

HIRE_DATE
---------
17-JUL-87
13-JAN-93
03-JAN-90
29-JAN-97
09-JUL-98
29-JAN-00
07-JUN-94
07-JUN-94

8 rows selected.

SQL> SELECT HIRE_DATE FROM EMPLOYEES WHERE HIRE_DATE LIKE '%J_N%';

HIRE_DATE
---------
13-JAN-93
03-JAN-90
29-JAN-97
29-JAN-00
07-JUN-94
07-JUN-94

6 rows selected.

SQL>
SQL> REM JUN , JUL
SQL>
SQL> select hire_date from employees where hire_date like '%JU_%';

HIRE_DATE
---------
17-JUL-87
09-JUL-98
07-JUN-94
07-JUN-94

SQL>
SQL> REM MAY , MAR
SQL>
SQL> select hire_date from employees where hire_date like '%MA_%';

HIRE_DATE
---------
21-MAY-91
15-MAR-98
11-MAY-96
24-MAR-98
24-MAY-99

SQL>
SQL> REM MAY , MAR , JAN
SQL>
SQL> select hire_date from employees where hire_date like '%_A_%';

HIRE_DATE
---------
13-JAN-93
03-JAN-90
21-MAY-91
29-JAN-97
15-MAR-98
29-JAN-00
11-MAY-96
24-MAR-98
24-MAY-99
17-AUG-97

10 rows selected.

SQL> select hire_date from employees where hire_date like '%-_A%';

HIRE_DATE
---------
13-JAN-93
03-JAN-90
21-MAY-91
29-JAN-97
15-MAR-98
29-JAN-00
11-MAY-96
24-MAR-98
24-MAY-99

9 rows selected.

SQL>
SQL>
SQL> REM APR , AUG
SQL>
SQL> select hire_date from employees where hire_date like '%-A%';

HIRE_DATE
---------
17-AUG-97

SQL>
SQL> REM OCT , NOV
SQL>
SQL> select hire_date from employees where hire_date like '%O%';

HIRE_DATE
---------
16-NOV-99
17-OCT-95

SQL>
SQL> REM 80s : 80 TO 89
SQL>
SQL> select hire_date from employees where hire_date like '%8_';

HIRE_DATE
---------
17-JUL-87
21-SEP-89
17-SEP-87

SQL> select hire_date from employees where hire_date like '%9_';

HIRE_DATE
---------
13-JAN-93
03-JAN-90
21-MAY-91
07-FEB-99
16-NOV-99
17-OCT-95
29-JAN-97
15-MAR-98
09-JUL-98
11-MAY-96
24-MAR-98
24-MAY-99
17-FEB-96
17-AUG-97
07-JUN-94
07-JUN-94

16 rows selected.

SQL>
SQL>
SQL> REM : ESCAPE : LEFT FROM
SQL>
SQL>