SQL> 
SQL> CL SCR

SQL> REM CONVERSION FUNCTIONS :
SQL> 
SQL> REM LIST OF CONVERSION FUNCTIONS : 1 TO_NUMBER 2 TO_DATE 3 TO_CHAR
SQL> 
SQL> REM TO_CHAR : TO CONVERT NUMBER TYPE VALUE INTO CHARACTER TYPE VALUE
SQL> 
SQL> REM TO_CHAR : TO CONVERT DATE TYPE VALUE INTO CHARACTER TYPE VALUE
SQL> 
SQL> 
SQL> REM PURPOSE : TO DISPLAY NUMBER TYPE VALUE IN USER DEFINED/NON-DEFAULT FORMAT
SQL> 
SQL> REM PURPOSE : TO DISPLAY DATE TYPE VALUE IN USER DEFINED/NON-DEFAULT FORMAT
SQL> 
SQL> 
SQL> 
SQL> 
SQL> REM PURPOSE : TO DISPLAY NUMBER TYPE VALUE IN USER DEFINED/NON-DEFAULT FORMAT
SQL> 
SQL> REM TO_CHAR('value' , 'format')
SQL> 
SQL> REM LIST OF VALID NUMBER FORMAT CHARACTERS : 9 0   . ,   D G   $ L U   S MI PR    EEEE or  eeee   V
SQL> 
SQL> 
SQL> SET LINES 200 PAGES 24 SERVEROUT ON FORMAT WRA
SQL> 
SQL> SELECT SALARY FROM EMPLOYEES;

    SALARY                                                                                                                                                                                              
----------                                                                                                                                                                                              
     24000                                                                                                                                                                                              
     17000                                                                                                                                                                                              
     17000                                                                                                                                                                                              
      9000                                                                                                                                                                                              
      6000                                                                                                                                                                                              
      4200                                                                                                                                                                                              
      5800                                                                                                                                                                                              
      3500                                                                                                                                                                                              
      3100                                                                                                                                                                                              
      2600                                                                                                                                                                                              
      2500                                                                                                                                                                                              
     10500                                                                                                                                                                                              
     11000                                                                                                                                                                                              
      8600                                                                                                                                                                                              
      7000                                                                                                                                                                                              
      4400                                                                                                                                                                                              
     13000                                                                                                                                                                                              
      6000                                                                                                                                                                                              
     12000                                                                                                                                                                                              
      8300                                                                                                                                                                                              

20 rows selected.

SQL> SELECT SALARY , TO_CHAR(SALARY,'99999') FROM EMPLOYEES;

    SALARY TO_CHA                                                                                                                                                                                       
---------- ------                                                                                                                                                                                       
     24000  24000                                                                                                                                                                                       
     17000  17000                                                                                                                                                                                       
     17000  17000                                                                                                                                                                                       
      9000   9000                                                                                                                                                                                       
      6000   6000                                                                                                                                                                                       
      4200   4200                                                                                                                                                                                       
      5800   5800                                                                                                                                                                                       
      3500   3500                                                                                                                                                                                       
      3100   3100                                                                                                                                                                                       
      2600   2600                                                                                                                                                                                       
      2500   2500                                                                                                                                                                                       
     10500  10500                                                                                                                                                                                       
     11000  11000                                                                                                                                                                                       
      8600   8600                                                                                                                                                                                       
      7000   7000                                                                                                                                                                                       
      4400   4400                                                                                                                                                                                       
     13000  13000                                                                                                                                                                                       
      6000   6000                                                                                                                                                                                       
     12000  12000                                                                                                                                                                                       
      8300   8300                                                                                                                                                                                       

20 rows selected.

SQL> SELECT SALARY , TO_CHAR(SALARY,'9999') FROM EMPLOYEES;

    SALARY TO_CH                                                                                                                                                                                        
---------- -----                                                                                                                                                                                        
     24000 #####                                                                                                                                                                                        
     17000 #####                                                                                                                                                                                        
     17000 #####                                                                                                                                                                                        
      9000  9000                                                                                                                                                                                        
      6000  6000                                                                                                                                                                                        
      4200  4200                                                                                                                                                                                        
      5800  5800                                                                                                                                                                                        
      3500  3500                                                                                                                                                                                        
      3100  3100                                                                                                                                                                                        
      2600  2600                                                                                                                                                                                        
      2500  2500                                                                                                                                                                                        
     10500 #####                                                                                                                                                                                        
     11000 #####                                                                                                                                                                                        
      8600  8600                                                                                                                                                                                        
      7000  7000                                                                                                                                                                                        
      4400  4400                                                                                                                                                                                        
     13000 #####                                                                                                                                                                                        
      6000  6000                                                                                                                                                                                        
     12000 #####                                                                                                                                                                                        
      8300  8300                                                                                                                                                                                        

20 rows selected.

SQL> SELECT SALARY , TO_CHAR(SALARY,'00000') FROM EMPLOYEES;

    SALARY TO_CHA                                                                                                                                                                                       
---------- ------                                                                                                                                                                                       
     24000  24000                                                                                                                                                                                       
     17000  17000                                                                                                                                                                                       
     17000  17000                                                                                                                                                                                       
      9000  09000                                                                                                                                                                                       
      6000  06000                                                                                                                                                                                       
      4200  04200                                                                                                                                                                                       
      5800  05800                                                                                                                                                                                       
      3500  03500                                                                                                                                                                                       
      3100  03100                                                                                                                                                                                       
      2600  02600                                                                                                                                                                                       
      2500  02500                                                                                                                                                                                       
     10500  10500                                                                                                                                                                                       
     11000  11000                                                                                                                                                                                       
      8600  08600                                                                                                                                                                                       
      7000  07000                                                                                                                                                                                       
      4400  04400                                                                                                                                                                                       
     13000  13000                                                                                                                                                                                       
      6000  06000                                                                                                                                                                                       
     12000  12000                                                                                                                                                                                       
      8300  08300                                                                                                                                                                                       

20 rows selected.

SQL> SELECT SALARY , TO_CHAR(SALARY,'99000') FROM EMPLOYEES;

    SALARY TO_CHA                                                                                                                                                                                       
---------- ------                                                                                                                                                                                       
     24000  24000                                                                                                                                                                                       
     17000  17000                                                                                                                                                                                       
     17000  17000                                                                                                                                                                                       
      9000   9000                                                                                                                                                                                       
      6000   6000                                                                                                                                                                                       
      4200   4200                                                                                                                                                                                       
      5800   5800                                                                                                                                                                                       
      3500   3500                                                                                                                                                                                       
      3100   3100                                                                                                                                                                                       
      2600   2600                                                                                                                                                                                       
      2500   2500                                                                                                                                                                                       
     10500  10500                                                                                                                                                                                       
     11000  11000                                                                                                                                                                                       
      8600   8600                                                                                                                                                                                       
      7000   7000                                                                                                                                                                                       
      4400   4400                                                                                                                                                                                       
     13000  13000                                                                                                                                                                                       
      6000   6000                                                                                                                                                                                       
     12000  12000                                                                                                                                                                                       
      8300   8300                                                                                                                                                                                       

20 rows selected.

SQL> SELECT SALARY , TO_CHAR(SALARY,'00099') FROM EMPLOYEES;

    SALARY TO_CHA                                                                                                                                                                                       
---------- ------                                                                                                                                                                                       
     24000  24000                                                                                                                                                                                       
     17000  17000                                                                                                                                                                                       
     17000  17000                                                                                                                                                                                       
      9000  09000                                                                                                                                                                                       
      6000  06000                                                                                                                                                                                       
      4200  04200                                                                                                                                                                                       
      5800  05800                                                                                                                                                                                       
      3500  03500                                                                                                                                                                                       
      3100  03100                                                                                                                                                                                       
      2600  02600                                                                                                                                                                                       
      2500  02500                                                                                                                                                                                       
     10500  10500                                                                                                                                                                                       
     11000  11000                                                                                                                                                                                       
      8600  08600                                                                                                                                                                                       
      7000  07000                                                                                                                                                                                       
      4400  04400                                                                                                                                                                                       
     13000  13000                                                                                                                                                                                       
      6000  06000                                                                                                                                                                                       
     12000  12000                                                                                                                                                                                       
      8300  08300                                                                                                                                                                                       

20 rows selected.

SQL> SELECT SALARY , TO_CHAR(SALARY,'00099.99') FROM EMPLOYEES;

    SALARY TO_CHAR(S                                                                                                                                                                                    
---------- ---------                                                                                                                                                                                    
     24000  24000.00                                                                                                                                                                                    
     17000  17000.00                                                                                                                                                                                    
     17000  17000.00                                                                                                                                                                                    
      9000  09000.00                                                                                                                                                                                    
      6000  06000.00                                                                                                                                                                                    
      4200  04200.00                                                                                                                                                                                    
      5800  05800.00                                                                                                                                                                                    
      3500  03500.00                                                                                                                                                                                    
      3100  03100.00                                                                                                                                                                                    
      2600  02600.00                                                                                                                                                                                    
      2500  02500.00                                                                                                                                                                                    
     10500  10500.00                                                                                                                                                                                    
     11000  11000.00                                                                                                                                                                                    
      8600  08600.00                                                                                                                                                                                    
      7000  07000.00                                                                                                                                                                                    
      4400  04400.00                                                                                                                                                                                    
     13000  13000.00                                                                                                                                                                                    
      6000  06000.00                                                                                                                                                                                    
     12000  12000.00                                                                                                                                                                                    
      8300  08300.00                                                                                                                                                                                    

20 rows selected.

SQL> SELECT SALARY , TO_CHAR(SALARY,'00099.00') FROM EMPLOYEES;

    SALARY TO_CHAR(S                                                                                                                                                                                    
---------- ---------                                                                                                                                                                                    
     24000  24000.00                                                                                                                                                                                    
     17000  17000.00                                                                                                                                                                                    
     17000  17000.00                                                                                                                                                                                    
      9000  09000.00                                                                                                                                                                                    
      6000  06000.00                                                                                                                                                                                    
      4200  04200.00                                                                                                                                                                                    
      5800  05800.00                                                                                                                                                                                    
      3500  03500.00                                                                                                                                                                                    
      3100  03100.00                                                                                                                                                                                    
      2600  02600.00                                                                                                                                                                                    
      2500  02500.00                                                                                                                                                                                    
     10500  10500.00                                                                                                                                                                                    
     11000  11000.00                                                                                                                                                                                    
      8600  08600.00                                                                                                                                                                                    
      7000  07000.00                                                                                                                                                                                    
      4400  04400.00                                                                                                                                                                                    
     13000  13000.00                                                                                                                                                                                    
      6000  06000.00                                                                                                                                                                                    
     12000  12000.00                                                                                                                                                                                    
      8300  08300.00                                                                                                                                                                                    

20 rows selected.

SQL> SELECT SALARY , TO_CHAR(SALARY,'00,099.00') FROM EMPLOYEES;

    SALARY TO_CHAR(SA                                                                                                                                                                                   
---------- ----------                                                                                                                                                                                   
     24000  24,000.00                                                                                                                                                                                   
     17000  17,000.00                                                                                                                                                                                   
     17000  17,000.00                                                                                                                                                                                   
      9000  09,000.00                                                                                                                                                                                   
      6000  06,000.00                                                                                                                                                                                   
      4200  04,200.00                                                                                                                                                                                   
      5800  05,800.00                                                                                                                                                                                   
      3500  03,500.00                                                                                                                                                                                   
      3100  03,100.00                                                                                                                                                                                   
      2600  02,600.00                                                                                                                                                                                   
      2500  02,500.00                                                                                                                                                                                   
     10500  10,500.00                                                                                                                                                                                   
     11000  11,000.00                                                                                                                                                                                   
      8600  08,600.00                                                                                                                                                                                   
      7000  07,000.00                                                                                                                                                                                   
      4400  04,400.00                                                                                                                                                                                   
     13000  13,000.00                                                                                                                                                                                   
      6000  06,000.00                                                                                                                                                                                   
     12000  12,000.00                                                                                                                                                                                   
      8300  08,300.00                                                                                                                                                                                   

20 rows selected.

SQL> SELECT SALARY , TO_CHAR(SALARY,'00G099D00') FROM EMPLOYEES;

    SALARY TO_CHAR(SA                                                                                                                                                                                   
---------- ----------                                                                                                                                                                                   
     24000  24,000.00                                                                                                                                                                                   
     17000  17,000.00                                                                                                                                                                                   
     17000  17,000.00                                                                                                                                                                                   
      9000  09,000.00                                                                                                                                                                                   
      6000  06,000.00                                                                                                                                                                                   
      4200  04,200.00                                                                                                                                                                                   
      5800  05,800.00                                                                                                                                                                                   
      3500  03,500.00                                                                                                                                                                                   
      3100  03,100.00                                                                                                                                                                                   
      2600  02,600.00                                                                                                                                                                                   
      2500  02,500.00                                                                                                                                                                                   
     10500  10,500.00                                                                                                                                                                                   
     11000  11,000.00                                                                                                                                                                                   
      8600  08,600.00                                                                                                                                                                                   
      7000  07,000.00                                                                                                                                                                                   
      4400  04,400.00                                                                                                                                                                                   
     13000  13,000.00                                                                                                                                                                                   
      6000  06,000.00                                                                                                                                                                                   
     12000  12,000.00                                                                                                                                                                                   
      8300  08,300.00                                                                                                                                                                                   

20 rows selected.

SQL> COL PARAMETER FORMAT A30
SQL> COL VALUE FORMAT A30
SQL> 
SQL> SELECT * FROM NLS_SESSION_PARAMETERS;

PARAMETER                      VALUE                                                                                                                                                                    
------------------------------ ------------------------------                                                                                                                                           
NLS_LANGUAGE                   AMERICAN                                                                                                                                                                 
NLS_TERRITORY                  AMERICA                                                                                                                                                                  
NLS_CURRENCY                   $                                                                                                                                                                        
NLS_ISO_CURRENCY               AMERICA                                                                                                                                                                  
NLS_NUMERIC_CHARACTERS         .,                                                                                                                                                                       
NLS_CALENDAR                   GREGORIAN                                                                                                                                                                
NLS_DATE_FORMAT                DD-MON-RR                                                                                                                                                                
NLS_DATE_LANGUAGE              AMERICAN                                                                                                                                                                 
NLS_SORT                       BINARY                                                                                                                                                                   
NLS_TIME_FORMAT                HH.MI.SSXFF AM                                                                                                                                                           
NLS_TIMESTAMP_FORMAT           DD-MON-RR HH.MI.SSXFF AM                                                                                                                                                 
NLS_TIME_TZ_FORMAT             HH.MI.SSXFF AM TZR                                                                                                                                                       
NLS_TIMESTAMP_TZ_FORMAT        DD-MON-RR HH.MI.SSXFF AM TZR                                                                                                                                             
NLS_DUAL_CURRENCY              $                                                                                                                                                                        
NLS_COMP                       BINARY                                                                                                                                                                   
NLS_LENGTH_SEMANTICS           BYTE                                                                                                                                                                     
NLS_NCHAR_CONV_EXCP            FALSE                                                                                                                                                                    

17 rows selected.

SQL> ALTER SESSION SET NLS_NUMERIC_CHARACTERS = '|^';

Session altered.

SQL> SELECT * FROM NLS_SESSION_PARAMETERS;

PARAMETER                      VALUE                                                                                                                                                                    
------------------------------ ------------------------------                                                                                                                                           
NLS_LANGUAGE                   AMERICAN                                                                                                                                                                 
NLS_TERRITORY                  AMERICA                                                                                                                                                                  
NLS_CURRENCY                   $                                                                                                                                                                        
NLS_ISO_CURRENCY               AMERICA                                                                                                                                                                  
NLS_NUMERIC_CHARACTERS         |^                                                                                                                                                                       
NLS_CALENDAR                   GREGORIAN                                                                                                                                                                
NLS_DATE_FORMAT                DD-MON-RR                                                                                                                                                                
NLS_DATE_LANGUAGE              AMERICAN                                                                                                                                                                 
NLS_SORT                       BINARY                                                                                                                                                                   
NLS_TIME_FORMAT                HH.MI.SSXFF AM                                                                                                                                                           
NLS_TIMESTAMP_FORMAT           DD-MON-RR HH.MI.SSXFF AM                                                                                                                                                 
NLS_TIME_TZ_FORMAT             HH.MI.SSXFF AM TZR                                                                                                                                                       
NLS_TIMESTAMP_TZ_FORMAT        DD-MON-RR HH.MI.SSXFF AM TZR                                                                                                                                             
NLS_DUAL_CURRENCY              $                                                                                                                                                                        
NLS_COMP                       BINARY                                                                                                                                                                   
NLS_LENGTH_SEMANTICS           BYTE                                                                                                                                                                     
NLS_NCHAR_CONV_EXCP            FALSE                                                                                                                                                                    

17 rows selected.

SQL> SELECT SALARY , TO_CHAR(SALARY,'00G099D00') FROM EMPLOYEES;

    SALARY TO_CHAR(SA                                                                                                                                                                                   
---------- ----------                                                                                                                                                                                   
     24000  24^000|00                                                                                                                                                                                   
     17000  17^000|00                                                                                                                                                                                   
     17000  17^000|00                                                                                                                                                                                   
      9000  09^000|00                                                                                                                                                                                   
      6000  06^000|00                                                                                                                                                                                   
      4200  04^200|00                                                                                                                                                                                   
      5800  05^800|00                                                                                                                                                                                   
      3500  03^500|00                                                                                                                                                                                   
      3100  03^100|00                                                                                                                                                                                   
      2600  02^600|00                                                                                                                                                                                   
      2500  02^500|00                                                                                                                                                                                   
     10500  10^500|00                                                                                                                                                                                   
     11000  11^000|00                                                                                                                                                                                   
      8600  08^600|00                                                                                                                                                                                   
      7000  07^000|00                                                                                                                                                                                   
      4400  04^400|00                                                                                                                                                                                   
     13000  13^000|00                                                                                                                                                                                   
      6000  06^000|00                                                                                                                                                                                   
     12000  12^000|00                                                                                                                                                                                   
      8300  08^300|00                                                                                                                                                                                   

20 rows selected.

SQL> SELECT SALARY , TO_CHAR(SALARY,'$00G099D00') FROM EMPLOYEES;

    SALARY TO_CHAR(SAL                                                                                                                                                                                  
---------- -----------                                                                                                                                                                                  
     24000  $24^000|00                                                                                                                                                                                  
     17000  $17^000|00                                                                                                                                                                                  
     17000  $17^000|00                                                                                                                                                                                  
      9000  $09^000|00                                                                                                                                                                                  
      6000  $06^000|00                                                                                                                                                                                  
      4200  $04^200|00                                                                                                                                                                                  
      5800  $05^800|00                                                                                                                                                                                  
      3500  $03^500|00                                                                                                                                                                                  
      3100  $03^100|00                                                                                                                                                                                  
      2600  $02^600|00                                                                                                                                                                                  
      2500  $02^500|00                                                                                                                                                                                  
     10500  $10^500|00                                                                                                                                                                                  
     11000  $11^000|00                                                                                                                                                                                  
      8600  $08^600|00                                                                                                                                                                                  
      7000  $07^000|00                                                                                                                                                                                  
      4400  $04^400|00                                                                                                                                                                                  
     13000  $13^000|00                                                                                                                                                                                  
      6000  $06^000|00                                                                                                                                                                                  
     12000  $12^000|00                                                                                                                                                                                  
      8300  $08^300|00                                                                                                                                                                                  

20 rows selected.

SQL> SELECT SALARY , TO_CHAR(SALARY,'00G099D00$') FROM EMPLOYEES;

    SALARY TO_CHAR(SAL                                                                                                                                                                                  
---------- -----------                                                                                                                                                                                  
     24000  $24^000|00                                                                                                                                                                                  
     17000  $17^000|00                                                                                                                                                                                  
     17000  $17^000|00                                                                                                                                                                                  
      9000  $09^000|00                                                                                                                                                                                  
      6000  $06^000|00                                                                                                                                                                                  
      4200  $04^200|00                                                                                                                                                                                  
      5800  $05^800|00                                                                                                                                                                                  
      3500  $03^500|00                                                                                                                                                                                  
      3100  $03^100|00                                                                                                                                                                                  
      2600  $02^600|00                                                                                                                                                                                  
      2500  $02^500|00                                                                                                                                                                                  
     10500  $10^500|00                                                                                                                                                                                  
     11000  $11^000|00                                                                                                                                                                                  
      8600  $08^600|00                                                                                                                                                                                  
      7000  $07^000|00                                                                                                                                                                                  
      4400  $04^400|00                                                                                                                                                                                  
     13000  $13^000|00                                                                                                                                                                                  
      6000  $06^000|00                                                                                                                                                                                  
     12000  $12^000|00                                                                                                                                                                                  
      8300  $08^300|00                                                                                                                                                                                  

20 rows selected.

SQL> SELECT SALARY , TO_CHAR(SALARY,'00G0$99D00') FROM EMPLOYEES;

    SALARY TO_CHAR(SAL                                                                                                                                                                                  
---------- -----------                                                                                                                                                                                  
     24000  $24^000|00                                                                                                                                                                                  
     17000  $17^000|00                                                                                                                                                                                  
     17000  $17^000|00                                                                                                                                                                                  
      9000  $09^000|00                                                                                                                                                                                  
      6000  $06^000|00                                                                                                                                                                                  
      4200  $04^200|00                                                                                                                                                                                  
      5800  $05^800|00                                                                                                                                                                                  
      3500  $03^500|00                                                                                                                                                                                  
      3100  $03^100|00                                                                                                                                                                                  
      2600  $02^600|00                                                                                                                                                                                  
      2500  $02^500|00                                                                                                                                                                                  
     10500  $10^500|00                                                                                                                                                                                  
     11000  $11^000|00                                                                                                                                                                                  
      8600  $08^600|00                                                                                                                                                                                  
      7000  $07^000|00                                                                                                                                                                                  
      4400  $04^400|00                                                                                                                                                                                  
     13000  $13^000|00                                                                                                                                                                                  
      6000  $06^000|00                                                                                                                                                                                  
     12000  $12^000|00                                                                                                                                                                                  
      8300  $08^300|00                                                                                                                                                                                  

20 rows selected.

SQL> SELECT SALARY , TO_CHAR(SALARY,'00G099D00L') FROM EMPLOYEES;

    SALARY TO_CHAR(SALARY,'00G0                                                                                                                                                                         
---------- --------------------                                                                                                                                                                         
     24000           24^000|00$                                                                                                                                                                         
     17000           17^000|00$                                                                                                                                                                         
     17000           17^000|00$                                                                                                                                                                         
      9000           09^000|00$                                                                                                                                                                         
      6000           06^000|00$                                                                                                                                                                         
      4200           04^200|00$                                                                                                                                                                         
      5800           05^800|00$                                                                                                                                                                         
      3500           03^500|00$                                                                                                                                                                         
      3100           03^100|00$                                                                                                                                                                         
      2600           02^600|00$                                                                                                                                                                         
      2500           02^500|00$                                                                                                                                                                         
     10500           10^500|00$                                                                                                                                                                         
     11000           11^000|00$                                                                                                                                                                         
      8600           08^600|00$                                                                                                                                                                         
      7000           07^000|00$                                                                                                                                                                         
      4400           04^400|00$                                                                                                                                                                         
     13000           13^000|00$                                                                                                                                                                         
      6000           06^000|00$                                                                                                                                                                         
     12000           12^000|00$                                                                                                                                                                         
      8300           08^300|00$                                                                                                                                                                         

20 rows selected.

SQL> SELECT SALARY , TO_CHAR(SALARY,'L00G099D00') FROM EMPLOYEES;

    SALARY TO_CHAR(SALARY,'L00G                                                                                                                                                                         
---------- --------------------                                                                                                                                                                         
     24000           $24^000|00                                                                                                                                                                         
     17000           $17^000|00                                                                                                                                                                         
     17000           $17^000|00                                                                                                                                                                         
      9000           $09^000|00                                                                                                                                                                         
      6000           $06^000|00                                                                                                                                                                         
      4200           $04^200|00                                                                                                                                                                         
      5800           $05^800|00                                                                                                                                                                         
      3500           $03^500|00                                                                                                                                                                         
      3100           $03^100|00                                                                                                                                                                         
      2600           $02^600|00                                                                                                                                                                         
      2500           $02^500|00                                                                                                                                                                         
     10500           $10^500|00                                                                                                                                                                         
     11000           $11^000|00                                                                                                                                                                         
      8600           $08^600|00                                                                                                                                                                         
      7000           $07^000|00                                                                                                                                                                         
      4400           $04^400|00                                                                                                                                                                         
     13000           $13^000|00                                                                                                                                                                         
      6000           $06^000|00                                                                                                                                                                         
     12000           $12^000|00                                                                                                                                                                         
      8300           $08^300|00                                                                                                                                                                         

20 rows selected.

SQL> SELECT SALARY , TO_CHAR(SALARY,'U00G099D00') FROM EMPLOYEES;

    SALARY TO_CHAR(SALARY,'U00G                                                                                                                                                                         
---------- --------------------                                                                                                                                                                         
     24000           $24^000|00                                                                                                                                                                         
     17000           $17^000|00                                                                                                                                                                         
     17000           $17^000|00                                                                                                                                                                         
      9000           $09^000|00                                                                                                                                                                         
      6000           $06^000|00                                                                                                                                                                         
      4200           $04^200|00                                                                                                                                                                         
      5800           $05^800|00                                                                                                                                                                         
      3500           $03^500|00                                                                                                                                                                         
      3100           $03^100|00                                                                                                                                                                         
      2600           $02^600|00                                                                                                                                                                         
      2500           $02^500|00                                                                                                                                                                         
     10500           $10^500|00                                                                                                                                                                         
     11000           $11^000|00                                                                                                                                                                         
      8600           $08^600|00                                                                                                                                                                         
      7000           $07^000|00                                                                                                                                                                         
      4400           $04^400|00                                                                                                                                                                         
     13000           $13^000|00                                                                                                                                                                         
      6000           $06^000|00                                                                                                                                                                         
     12000           $12^000|00                                                                                                                                                                         
      8300           $08^300|00                                                                                                                                                                         

20 rows selected.

SQL> SELECT SALARY , TO_CHAR(SALARY,'00G099D00U') FROM EMPLOYEES;

    SALARY TO_CHAR(SALARY,'00G0                                                                                                                                                                         
---------- --------------------                                                                                                                                                                         
     24000           24^000|00$                                                                                                                                                                         
     17000           17^000|00$                                                                                                                                                                         
     17000           17^000|00$                                                                                                                                                                         
      9000           09^000|00$                                                                                                                                                                         
      6000           06^000|00$                                                                                                                                                                         
      4200           04^200|00$                                                                                                                                                                         
      5800           05^800|00$                                                                                                                                                                         
      3500           03^500|00$                                                                                                                                                                         
      3100           03^100|00$                                                                                                                                                                         
      2600           02^600|00$                                                                                                                                                                         
      2500           02^500|00$                                                                                                                                                                         
     10500           10^500|00$                                                                                                                                                                         
     11000           11^000|00$                                                                                                                                                                         
      8600           08^600|00$                                                                                                                                                                         
      7000           07^000|00$                                                                                                                                                                         
      4400           04^400|00$                                                                                                                                                                         
     13000           13^000|00$                                                                                                                                                                         
      6000           06^000|00$                                                                                                                                                                         
     12000           12^000|00$                                                                                                                                                                         
      8300           08^300|00$                                                                                                                                                                         

20 rows selected.

SQL> SELECT * FROM NLS_SESSION_PARAMETERS;

PARAMETER                      VALUE                                                                                                                                                                    
------------------------------ ------------------------------                                                                                                                                           
NLS_LANGUAGE                   AMERICAN                                                                                                                                                                 
NLS_TERRITORY                  AMERICA                                                                                                                                                                  
NLS_CURRENCY                   $                                                                                                                                                                        
NLS_ISO_CURRENCY               AMERICA                                                                                                                                                                  
NLS_NUMERIC_CHARACTERS         |^                                                                                                                                                                       
NLS_CALENDAR                   GREGORIAN                                                                                                                                                                
NLS_DATE_FORMAT                DD-MON-RR                                                                                                                                                                
NLS_DATE_LANGUAGE              AMERICAN                                                                                                                                                                 
NLS_SORT                       BINARY                                                                                                                                                                   
NLS_TIME_FORMAT                HH.MI.SSXFF AM                                                                                                                                                           
NLS_TIMESTAMP_FORMAT           DD-MON-RR HH.MI.SSXFF AM                                                                                                                                                 
NLS_TIME_TZ_FORMAT             HH.MI.SSXFF AM TZR                                                                                                                                                       
NLS_TIMESTAMP_TZ_FORMAT        DD-MON-RR HH.MI.SSXFF AM TZR                                                                                                                                             
NLS_DUAL_CURRENCY              $                                                                                                                                                                        
NLS_COMP                       BINARY                                                                                                                                                                   
NLS_LENGTH_SEMANTICS           BYTE                                                                                                                                                                     
NLS_NCHAR_CONV_EXCP            FALSE                                                                                                                                                                    

17 rows selected.

SQL> ALTER SESSION SET NLS_CURRENCY = 'Rs.';

Session altered.

SQL> SELECT * FROM NLS_SESSION_PARAMETERS;

PARAMETER                      VALUE                                                                                                                                                                    
------------------------------ ------------------------------                                                                                                                                           
NLS_LANGUAGE                   AMERICAN                                                                                                                                                                 
NLS_TERRITORY                  AMERICA                                                                                                                                                                  
NLS_CURRENCY                   Rs.                                                                                                                                                                      
NLS_ISO_CURRENCY               AMERICA                                                                                                                                                                  
NLS_NUMERIC_CHARACTERS         |^                                                                                                                                                                       
NLS_CALENDAR                   GREGORIAN                                                                                                                                                                
NLS_DATE_FORMAT                DD-MON-RR                                                                                                                                                                
NLS_DATE_LANGUAGE              AMERICAN                                                                                                                                                                 
NLS_SORT                       BINARY                                                                                                                                                                   
NLS_TIME_FORMAT                HH.MI.SSXFF AM                                                                                                                                                           
NLS_TIMESTAMP_FORMAT           DD-MON-RR HH.MI.SSXFF AM                                                                                                                                                 
NLS_TIME_TZ_FORMAT             HH.MI.SSXFF AM TZR                                                                                                                                                       
NLS_TIMESTAMP_TZ_FORMAT        DD-MON-RR HH.MI.SSXFF AM TZR                                                                                                                                             
NLS_DUAL_CURRENCY              $                                                                                                                                                                        
NLS_COMP                       BINARY                                                                                                                                                                   
NLS_LENGTH_SEMANTICS           BYTE                                                                                                                                                                     
NLS_NCHAR_CONV_EXCP            FALSE                                                                                                                                                                    

17 rows selected.

SQL> SELECT SALARY , TO_CHAR(SALARY,'00G099D00L') FROM EMPLOYEES;

    SALARY TO_CHAR(SALARY,'00G0                                                                                                                                                                         
---------- --------------------                                                                                                                                                                         
     24000         24^000|00Rs.                                                                                                                                                                         
     17000         17^000|00Rs.                                                                                                                                                                         
     17000         17^000|00Rs.                                                                                                                                                                         
      9000         09^000|00Rs.                                                                                                                                                                         
      6000         06^000|00Rs.                                                                                                                                                                         
      4200         04^200|00Rs.                                                                                                                                                                         
      5800         05^800|00Rs.                                                                                                                                                                         
      3500         03^500|00Rs.                                                                                                                                                                         
      3100         03^100|00Rs.                                                                                                                                                                         
      2600         02^600|00Rs.                                                                                                                                                                         
      2500         02^500|00Rs.                                                                                                                                                                         
     10500         10^500|00Rs.                                                                                                                                                                         
     11000         11^000|00Rs.                                                                                                                                                                         
      8600         08^600|00Rs.                                                                                                                                                                         
      7000         07^000|00Rs.                                                                                                                                                                         
      4400         04^400|00Rs.                                                                                                                                                                         
     13000         13^000|00Rs.                                                                                                                                                                         
      6000         06^000|00Rs.                                                                                                                                                                         
     12000         12^000|00Rs.                                                                                                                                                                         
      8300         08^300|00Rs.                                                                                                                                                                         

20 rows selected.

SQL> SELECT SALARY , TO_CHAR(SALARY,'L00G099D00') FROM EMPLOYEES;

    SALARY TO_CHAR(SALARY,'L00G                                                                                                                                                                         
---------- --------------------                                                                                                                                                                         
     24000         Rs.24^000|00                                                                                                                                                                         
     17000         Rs.17^000|00                                                                                                                                                                         
     17000         Rs.17^000|00                                                                                                                                                                         
      9000         Rs.09^000|00                                                                                                                                                                         
      6000         Rs.06^000|00                                                                                                                                                                         
      4200         Rs.04^200|00                                                                                                                                                                         
      5800         Rs.05^800|00                                                                                                                                                                         
      3500         Rs.03^500|00                                                                                                                                                                         
      3100         Rs.03^100|00                                                                                                                                                                         
      2600         Rs.02^600|00                                                                                                                                                                         
      2500         Rs.02^500|00                                                                                                                                                                         
     10500         Rs.10^500|00                                                                                                                                                                         
     11000         Rs.11^000|00                                                                                                                                                                         
      8600         Rs.08^600|00                                                                                                                                                                         
      7000         Rs.07^000|00                                                                                                                                                                         
      4400         Rs.04^400|00                                                                                                                                                                         
     13000         Rs.13^000|00                                                                                                                                                                         
      6000         Rs.06^000|00                                                                                                                                                                         
     12000         Rs.12^000|00                                                                                                                                                                         
      8300         Rs.08^300|00                                                                                                                                                                         

20 rows selected.

SQL> SELECT SALARY , TO_CHAR(SALARY,'U00G099D00') FROM EMPLOYEES;

    SALARY TO_CHAR(SALARY,'U00G                                                                                                                                                                         
---------- --------------------                                                                                                                                                                         
     24000           $24^000|00                                                                                                                                                                         
     17000           $17^000|00                                                                                                                                                                         
     17000           $17^000|00                                                                                                                                                                         
      9000           $09^000|00                                                                                                                                                                         
      6000           $06^000|00                                                                                                                                                                         
      4200           $04^200|00                                                                                                                                                                         
      5800           $05^800|00                                                                                                                                                                         
      3500           $03^500|00                                                                                                                                                                         
      3100           $03^100|00                                                                                                                                                                         
      2600           $02^600|00                                                                                                                                                                         
      2500           $02^500|00                                                                                                                                                                         
     10500           $10^500|00                                                                                                                                                                         
     11000           $11^000|00                                                                                                                                                                         
      8600           $08^600|00                                                                                                                                                                         
      7000           $07^000|00                                                                                                                                                                         
      4400           $04^400|00                                                                                                                                                                         
     13000           $13^000|00                                                                                                                                                                         
      6000           $06^000|00                                                                                                                                                                         
     12000           $12^000|00                                                                                                                                                                         
      8300           $08^300|00                                                                                                                                                                         

20 rows selected.

SQL> SELECT SALARY , TO_CHAR(SALARY,'00G099D00U') FROM EMPLOYEES;

    SALARY TO_CHAR(SALARY,'00G0                                                                                                                                                                         
---------- --------------------                                                                                                                                                                         
     24000           24^000|00$                                                                                                                                                                         
     17000           17^000|00$                                                                                                                                                                         
     17000           17^000|00$                                                                                                                                                                         
      9000           09^000|00$                                                                                                                                                                         
      6000           06^000|00$                                                                                                                                                                         
      4200           04^200|00$                                                                                                                                                                         
      5800           05^800|00$                                                                                                                                                                         
      3500           03^500|00$                                                                                                                                                                         
      3100           03^100|00$                                                                                                                                                                         
      2600           02^600|00$                                                                                                                                                                         
      2500           02^500|00$                                                                                                                                                                         
     10500           10^500|00$                                                                                                                                                                         
     11000           11^000|00$                                                                                                                                                                         
      8600           08^600|00$                                                                                                                                                                         
      7000           07^000|00$                                                                                                                                                                         
      4400           04^400|00$                                                                                                                                                                         
     13000           13^000|00$                                                                                                                                                                         
      6000           06^000|00$                                                                                                                                                                         
     12000           12^000|00$                                                                                                                                                                         
      8300           08^300|00$                                                                                                                                                                         

20 rows selected.

SQL> ALTER SESSION SET NLS_DUAL_CURRENCY = '';

Session altered.

SQL> SELECT SALARY , TO_CHAR(SALARY,'U00G099D00') FROM EMPLOYEES;

    SALARY TO_CHAR(SALARY,'U00G                                                                                                                                                                         
---------- --------------------                                                                                                                                                                         
     24000          24^000|00                                                                                                                                                                          
     17000          17^000|00                                                                                                                                                                          
     17000          17^000|00                                                                                                                                                                          
      9000          09^000|00                                                                                                                                                                          
      6000          06^000|00                                                                                                                                                                          
      4200          04^200|00                                                                                                                                                                          
      5800          05^800|00                                                                                                                                                                          
      3500          03^500|00                                                                                                                                                                          
      3100          03^100|00                                                                                                                                                                          
      2600          02^600|00                                                                                                                                                                          
      2500          02^500|00                                                                                                                                                                          
     10500          10^500|00                                                                                                                                                                          
     11000          11^000|00                                                                                                                                                                          
      8600          08^600|00                                                                                                                                                                          
      7000          07^000|00                                                                                                                                                                          
      4400          04^400|00                                                                                                                                                                          
     13000          13^000|00                                                                                                                                                                          
      6000          06^000|00                                                                                                                                                                          
     12000          12^000|00                                                                                                                                                                          
      8300          08^300|00                                                                                                                                                                          

20 rows selected.

SQL> SELECT SALARY , TO_CHAR(SALARY,'00G099D00U') FROM EMPLOYEES;

    SALARY TO_CHAR(SALARY,'00G0                                                                                                                                                                         
---------- --------------------                                                                                                                                                                         
     24000          24^000|00                                                                                                                                                                          
     17000          17^000|00                                                                                                                                                                          
     17000          17^000|00                                                                                                                                                                          
      9000          09^000|00                                                                                                                                                                          
      6000          06^000|00                                                                                                                                                                          
      4200          04^200|00                                                                                                                                                                          
      5800          05^800|00                                                                                                                                                                          
      3500          03^500|00                                                                                                                                                                          
      3100          03^100|00                                                                                                                                                                          
      2600          02^600|00                                                                                                                                                                          
      2500          02^500|00                                                                                                                                                                          
     10500          10^500|00                                                                                                                                                                          
     11000          11^000|00                                                                                                                                                                          
      8600          08^600|00                                                                                                                                                                          
      7000          07^000|00                                                                                                                                                                          
      4400          04^400|00                                                                                                                                                                          
     13000          13^000|00                                                                                                                                                                          
      6000          06^000|00                                                                                                                                                                          
     12000          12^000|00                                                                                                                                                                          
      8300          08^300|00                                                                                                                                                                          

20 rows selected.

SQL> REM LIST OF VALID NUMBER FORMAT CHARACTERS : 9 0   . ,   D G   $ L U   S MI PR    EEEE or  eeee   V
SQL> 
SQL> SELECT * FROM POSNEGNO;

        NO                                                                                                                                                                                              
----------                                                                                                                                                                                              
        12                                                                                                                                                                                              
                                                                                                                                                                                                        
         0                                                                                                                                                                                              
       -12                                                                                                                                                                                              

SQL> SELECT NO , TO_CHAR(NO,'99.99') FROM POSNEGNO;

        NO TO_CHA                                                                                                                                                                                       
---------- ------                                                                                                                                                                                       
        12  12.00                                                                                                                                                                                       
                                                                                                                                                                                                        
         0    .00                                                                                                                                                                                       
       -12 -12.00                                                                                                                                                                                       

SQL> SELECT NO , TO_CHAR(NO,'S99.99') FROM POSNEGNO;

        NO TO_CHA                                                                                                                                                                                       
---------- ------                                                                                                                                                                                       
        12 +12.00                                                                                                                                                                                       
                                                                                                                                                                                                        
         0   +.00                                                                                                                                                                                       
       -12 -12.00                                                                                                                                                                                       

SQL> SELECT NO , TO_CHAR(NO,'99.99S') FROM POSNEGNO;

        NO TO_CHA                                                                                                                                                                                       
---------- ------                                                                                                                                                                                       
        12 12.00+                                                                                                                                                                                       
                                                                                                                                                                                                        
         0   .00+                                                                                                                                                                                       
       -12 12.00-                                                                                                                                                                                       

SQL> SELECT NO , TO_CHAR(NO,'99.99MI') FROM POSNEGNO;

        NO TO_CHA                                                                                                                                                                                       
---------- ------                                                                                                                                                                                       
        12 12.00                                                                                                                                                                                        
                                                                                                                                                                                                        
         0   .00                                                                                                                                                                                        
       -12 12.00-                                                                                                                                                                                       

SQL> SELECT NO , TO_CHAR(NO,'MI99.99') FROM POSNEGNO;
SELECT NO , TO_CHAR(NO,'MI99.99') FROM POSNEGNO
                       *
ERROR at line 1:
ORA-01481: invalid number format model 


SQL> SELECT NO , TO_CHAR(NO,'99.99PR') FROM POSNEGNO;

        NO TO_CHAR                                                                                                                                                                                      
---------- -------                                                                                                                                                                                      
        12  12.00                                                                                                                                                                                       
                                                                                                                                                                                                        
         0    .00                                                                                                                                                                                       
       -12 <12.00>                                                                                                                                                                                      

SQL> SELECT NO , TO_CHAR(NO,'PR99.99') FROM POSNEGNO;
SELECT NO , TO_CHAR(NO,'PR99.99') FROM POSNEGNO
                       *
ERROR at line 1:
ORA-01481: invalid number format model 


SQL> REM LIST OF VALID NUMBER FORMAT CHARACTERS : 9 0   . ,   D G   $ L U   S MI PR    EEEE or  eeee   V
SQL> 
SQL> REM EXPONENT FORMAT/SCIENTIFIC NOTATION
SQL> 
SQL> SELECT SALARY , TO_CHAR(SALARY,'99.99EEEE') FROM EMPLOYEES;

    SALARY TO_CHAR(SA                                                                                                                                                                                   
---------- ----------                                                                                                                                                                                   
     24000   2.40E+04                                                                                                                                                                                   
     17000   1.70E+04                                                                                                                                                                                   
     17000   1.70E+04                                                                                                                                                                                   
      9000   9.00E+03                                                                                                                                                                                   
      6000   6.00E+03                                                                                                                                                                                   
      4200   4.20E+03                                                                                                                                                                                   
      5800   5.80E+03                                                                                                                                                                                   
      3500   3.50E+03                                                                                                                                                                                   
      3100   3.10E+03                                                                                                                                                                                   
      2600   2.60E+03                                                                                                                                                                                   
      2500   2.50E+03                                                                                                                                                                                   
     10500   1.05E+04                                                                                                                                                                                   
     11000   1.10E+04                                                                                                                                                                                   
      8600   8.60E+03                                                                                                                                                                                   
      7000   7.00E+03                                                                                                                                                                                   
      4400   4.40E+03                                                                                                                                                                                   
     13000   1.30E+04                                                                                                                                                                                   
      6000   6.00E+03                                                                                                                                                                                   
     12000   1.20E+04                                                                                                                                                                                   
      8300   8.30E+03                                                                                                                                                                                   

20 rows selected.

SQL> SELECT CASE WHEN SALARY > 10000 THEN SALARY * 10000 ELSE SALARY / 10000 END FROM EMPLOYEES;

CASEWHENSALARY>10000THENSALARY*10000ELSESALARY/10000END                                                                                                                                                 
-------------------------------------------------------                                                                                                                                                 
                                              240000000                                                                                                                                                 
                                              170000000                                                                                                                                                 
                                              170000000                                                                                                                                                 
                                                     |9                                                                                                                                                 
                                                     |6                                                                                                                                                 
                                                    |42                                                                                                                                                 
                                                    |58                                                                                                                                                 
                                                    |35                                                                                                                                                 
                                                    |31                                                                                                                                                 
                                                    |26                                                                                                                                                 
                                                    |25                                                                                                                                                 
                                              105000000                                                                                                                                                 
                                              110000000                                                                                                                                                 
                                                    |86                                                                                                                                                 
                                                     |7                                                                                                                                                 
                                                    |44                                                                                                                                                 
                                              130000000                                                                                                                                                 
                                                     |6                                                                                                                                                 
                                              120000000                                                                                                                                                 
                                                    |83                                                                                                                                                 

20 rows selected.

SQL> CONN SCOTT/TIGER
Connected.
SQL> 
SQL> SELECT CASE WHEN SALARY > 10000 THEN SALARY * 10000 ELSE SALARY / 10000 END FROM EMPLOYEES;

CASEWHENSALARY>10000THENSALARY*10000ELSESALARY/10000END                                                                                                                                                 
-------------------------------------------------------                                                                                                                                                 
                                              240000000                                                                                                                                                 
                                              170000000                                                                                                                                                 
                                              170000000                                                                                                                                                 
                                                     .9                                                                                                                                                 
                                                     .6                                                                                                                                                 
                                                    .42                                                                                                                                                 
                                                    .58                                                                                                                                                 
                                                    .35                                                                                                                                                 
                                                    .31                                                                                                                                                 
                                                    .26                                                                                                                                                 
                                                    .25                                                                                                                                                 
                                              105000000                                                                                                                                                 
                                              110000000                                                                                                                                                 
                                                    .86                                                                                                                                                 
                                                     .7                                                                                                                                                 
                                                    .44                                                                                                                                                 
                                              130000000                                                                                                                                                 
                                                     .6                                                                                                                                                 
                                              120000000                                                                                                                                                 
                                                    .83                                                                                                                                                 

20 rows selected.

SQL> SELECT CASE WHEN SALARY > 10000 THEN SALARY * 10000 ELSE SALARY / 10000 END ,
  2  TO_CHAR(CASE WHEN SALARY > 10000 THEN SALARY * 10000 ELSE SALARY / 10000 END,'99.99EEEE') FROM EMPLOYEES
  3  ;

CASEWHENSALARY>10000THENSALARY*10000ELSESALARY/10000END TO_CHAR(CA                                                                                                                                      
------------------------------------------------------- ----------                                                                                                                                      
                                              240000000   2.40E+08                                                                                                                                      
                                              170000000   1.70E+08                                                                                                                                      
                                              170000000   1.70E+08                                                                                                                                      
                                                     .9   9.00E-01                                                                                                                                      
                                                     .6   6.00E-01                                                                                                                                      
                                                    .42   4.20E-01                                                                                                                                      
                                                    .58   5.80E-01                                                                                                                                      
                                                    .35   3.50E-01                                                                                                                                      
                                                    .31   3.10E-01                                                                                                                                      
                                                    .26   2.60E-01                                                                                                                                      
                                                    .25   2.50E-01                                                                                                                                      
                                              105000000   1.05E+08                                                                                                                                      
                                              110000000   1.10E+08                                                                                                                                      
                                                    .86   8.60E-01                                                                                                                                      
                                                     .7   7.00E-01                                                                                                                                      
                                                    .44   4.40E-01                                                                                                                                      
                                              130000000   1.30E+08                                                                                                                                      
                                                     .6   6.00E-01                                                                                                                                      
                                              120000000   1.20E+08                                                                                                                                      
                                                    .83   8.30E-01                                                                                                                                      

20 rows selected.

SQL> SELECT SALARY , TO_CHAR(SALARY,'99.99EEEE') FROM EMPLOYEES;

    SALARY TO_CHAR(SA                                                                                                                                                                                   
---------- ----------                                                                                                                                                                                   
     24000   2.40E+04                                                                                                                                                                                   
     17000   1.70E+04                                                                                                                                                                                   
     17000   1.70E+04                                                                                                                                                                                   
      9000   9.00E+03                                                                                                                                                                                   
      6000   6.00E+03                                                                                                                                                                                   
      4200   4.20E+03                                                                                                                                                                                   
      5800   5.80E+03                                                                                                                                                                                   
      3500   3.50E+03                                                                                                                                                                                   
      3100   3.10E+03                                                                                                                                                                                   
      2600   2.60E+03                                                                                                                                                                                   
      2500   2.50E+03                                                                                                                                                                                   
     10500   1.05E+04                                                                                                                                                                                   
     11000   1.10E+04                                                                                                                                                                                   
      8600   8.60E+03                                                                                                                                                                                   
      7000   7.00E+03                                                                                                                                                                                   
      4400   4.40E+03                                                                                                                                                                                   
     13000   1.30E+04                                                                                                                                                                                   
      6000   6.00E+03                                                                                                                                                                                   
     12000   1.20E+04                                                                                                                                                                                   
      8300   8.30E+03                                                                                                                                                                                   

20 rows selected.

SQL> REM 2.4E+04 = 2.4 * POWER(10,4)
SQL> 
SQL> SELECT 2.4 * POWER(10,4) FROM DUAL;

2.4*POWER(10,4)                                                                                                                                                                                         
---------------                                                                                                                                                                                         
          24000                                                                                                                                                                                         

SQL> SELECT SALARY , TO_CHAR(SALARY,'99.99eeee') FROM EMPLOYEES;

    SALARY TO_CHAR(SA                                                                                                                                                                                   
---------- ----------                                                                                                                                                                                   
     24000   2.40E+04                                                                                                                                                                                   
     17000   1.70E+04                                                                                                                                                                                   
     17000   1.70E+04                                                                                                                                                                                   
      9000   9.00E+03                                                                                                                                                                                   
      6000   6.00E+03                                                                                                                                                                                   
      4200   4.20E+03                                                                                                                                                                                   
      5800   5.80E+03                                                                                                                                                                                   
      3500   3.50E+03                                                                                                                                                                                   
      3100   3.10E+03                                                                                                                                                                                   
      2600   2.60E+03                                                                                                                                                                                   
      2500   2.50E+03                                                                                                                                                                                   
     10500   1.05E+04                                                                                                                                                                                   
     11000   1.10E+04                                                                                                                                                                                   
      8600   8.60E+03                                                                                                                                                                                   
      7000   7.00E+03                                                                                                                                                                                   
      4400   4.40E+03                                                                                                                                                                                   
     13000   1.30E+04                                                                                                                                                                                   
      6000   6.00E+03                                                                                                                                                                                   
     12000   1.20E+04                                                                                                                                                                                   
      8300   8.30E+03                                                                                                                                                                                   

20 rows selected.

SQL> SELECT SALARY , TO_CHAR(SALARY,'99.99Eeee') FROM EMPLOYEES;
SELECT SALARY , TO_CHAR(SALARY,'99.99Eeee') FROM EMPLOYEES
                               *
ERROR at line 1:
ORA-01481: invalid number format model 


SQL> SELECT SALARY , TO_CHAR(SALARY,'99.99eee') FROM EMPLOYEES;
SELECT SALARY , TO_CHAR(SALARY,'99.99eee') FROM EMPLOYEES
                               *
ERROR at line 1:
ORA-01481: invalid number format model 


SQL> SELECT SALARY , TO_CHAR(SALARY,'99.99eeeee') FROM EMPLOYEES;
SELECT SALARY , TO_CHAR(SALARY,'99.99eeeee') FROM EMPLOYEES
                               *
ERROR at line 1:
ORA-01481: invalid number format model 


SQL> SELECT TO_CHAR(678,'999V0000000') FROM DUAL;

TO_CHAR(678                                                                                                                                                                                             
-----------                                                                                                                                                                                             
 6780000000                                                                                                                                                                                             

SQL> SELECT TO_CHAR(678,'999V00000') FROM DUAL;

TO_CHAR(6                                                                                                                                                                                               
---------                                                                                                                                                                                               
 67800000                                                                                                                                                                                               

SQL> SELECT TO_CHAR(678,'999V000') FROM DUAL;

TO_CHAR                                                                                                                                                                                                 
-------                                                                                                                                                                                                 
 678000                                                                                                                                                                                                 

SQL> REM LIST OF VALID NUMBER FORMAT CHARACTERS : 9 0   . ,   D G   $ L U   S MI PR    EEEE or  eeee   V
SQL> 
SQL> SELECT TO_CHAR(6.78,'999V00000') FROM DUAL;

TO_CHAR(6                                                                                                                                                                                               
---------                                                                                                                                                                                               
   678000                                                                                                                                                                                               

SQL> SELECT TO_CHAR(67.8,'999V00000') FROM DUAL;

TO_CHAR(6                                                                                                                                                                                               
---------                                                                                                                                                                                               
  6780000                                                                                                                                                                                               

SQL> REM 1 24000.00
SQL> 
SQL> REM 2 24,000
SQL> 
SQL> REM 3 24^000
SQL> 
SQL> REM 4 24|000~00
SQL> 
SQL> REM 5 $24000.00
SQL> 
SQL> REM 6 24^000.00Rs.
SQL> 
SQL> REM 7 24|000^00
SQL> 
SQL> REM 8 2.40E+04
SQL> 
SQL> REM 9 ASK FOR INPUT, IF INPUT IS NEGATIVE DISPLAY LIKE THIS <24000> OTHERWISE DISPLAY 24000.
SQL> 
SQL> REM 10 EXPAND 456 TO 456 THOUSANDS.
SQL> 
SQL> 
SQL> REM 1 24000.00
SQL> 
SQL> SELECT TO_CHAR(24000,'99999.99') FROM DUAL;

TO_CHAR(2                                                                                                                                                                                               
---------                                                                                                                                                                                               
 24000.00                                                                                                                                                                                               

SQL> REM 2 24,000
SQL> 
SQL> SELECT TO_CHAR(24000,'99,999') FROM DUAL;

TO_CHAR                                                                                                                                                                                                 
-------                                                                                                                                                                                                 
 24,000                                                                                                                                                                                                 

SQL> REM 3 24^000
SQL> 
SQL> ALTER SESSION SET NLS_NUMERIC_CHARACTERS = '.^';

Session altered.

SQL> SELECT TO_CHAR(24000,'99G999') FROM DUAL;

TO_CHAR                                                                                                                                                                                                 
-------                                                                                                                                                                                                 
 24^000                                                                                                                                                                                                 

SQL> REM 4 24|000~00
SQL> 
SQL> ALTER SESSION SET NLS_NUMERIC_CHARACTERS = '~|';

Session altered.

SQL> SELECT TO_CHAR(24000,'99G999D99') FROM DUAL;

TO_CHAR(24                                                                                                                                                                                              
----------                                                                                                                                                                                              
 24|000~00                                                                                                                                                                                              

SQL> REM 5 $24000.00
SQL> 
SQL> CONN SCOTT/TIGER
Connected.
SQL> SELECT TO_CHAR(24000,'$99999.99') FROM DUAL;

TO_CHAR(24                                                                                                                                                                                              
----------                                                                                                                                                                                              
 $24000.00                                                                                                                                                                                              

SQL> REM 6 24^000.00Rs.
SQL> 
SQL> ALTER SESSION SET NLS_NUMERIC_CHARACTERS = '.^';

Session altered.

SQL> SELECT TO_CHAR(24000,'99G999D99') FROM DUAL;

TO_CHAR(24                                                                                                                                                                                              
----------                                                                                                                                                                                              
 24^000.00                                                                                                                                                                                              

SQL> ALTER SESSION SET NLS_CURRENCY = 'Rs.';

Session altered.

SQL> SELECT TO_CHAR(24000,'99G999D99L') FROM DUAL;

TO_CHAR(24000,'99G99                                                                                                                                                                                    
--------------------                                                                                                                                                                                    
        24^000.00Rs.                                                                                                                                                                                    

SQL> REM 7 24|000^00
SQL> 
SQL> ALTER SESSION SET NLS_DUAL_CURRENCY = '';

Session altered.

SQL> ALTER SESSION SET NLS_NUMERIC_CHARACTERS = '^|';

Session altered.

SQL> SELECT TO_CHAR(24000,'U99G999D99') FROM DUAL;

TO_CHAR(24000,'U99G9                                                                                                                                                                                    
--------------------                                                                                                                                                                                    
         24|000^00                                                                                                                                                                                     

SQL> REM 8 2.40E+04
SQL> 
SQL> SELECT TO_CHAR(24000,'99.99EEEE') FROM DUAL;

TO_CHAR(24                                                                                                                                                                                              
----------                                                                                                                                                                                              
  2.40E+04                                                                                                                                                                                              

SQL> REM 9 ASK FOR INPUT, IF INPUT IS NEGATIVE DISPLAY LIKE THIS <24000> OTHERWISE DISPLAY 24000.
SQL> 
SQL> SELECT TO_CHAR(&NO,'99999PR') FROM DUAL;
Enter value for no: -24000
old   1: SELECT TO_CHAR(&NO,'99999PR') FROM DUAL
new   1: SELECT TO_CHAR(-24000,'99999PR') FROM DUAL

TO_CHAR                                                                                                                                                                                                 
-------                                                                                                                                                                                                 
<24000>                                                                                                                                                                                                 

SQL> /
Enter value for no: 24000
old   1: SELECT TO_CHAR(&NO,'99999PR') FROM DUAL
new   1: SELECT TO_CHAR(24000,'99999PR') FROM DUAL

TO_CHAR                                                                                                                                                                                                 
-------                                                                                                                                                                                                 
 24000                                                                                                                                                                                                  

SQL> REM 10 EXPAND 456 TO 456 THOUSANDS.
SQL> 
SQL> SELECT TO_CHAR(456,'999E000') FROM DUAL;
SELECT TO_CHAR(456,'999E000') FROM DUAL
                   *
ERROR at line 1:
ORA-01481: invalid number format model 


SQL> SELECT TO_CHAR(456,'999V000') FROM DUAL;

TO_CHAR                                                                                                                                                                                                 
-------                                                                                                                                                                                                 
 456000                                                                                                                                                                                                 

SQL> REM LIST OF VALID NUMBER FORMATS :  9 0  . ,   D G   $ L U   S MI PR   EEEE or eeee   V
SQL> 
SQL> REM COMPANY PAYS ON EACH FRIDAY. FIND SECOND LAST SALARY DATE.
SQL> 
SQL> SELECT SYSDATE , NEXT_DAY(SYSDATE,'FRI')-(7*2)
  2  FROM DUAL;

SYSDATE   NEXT_DAY(                                                                                                                                                                                     
--------- ---------                                                                                                                                                                                     
27-MAY-25 16-MAY-25                                                                                                                                                                                     

SQL> ALTER SESSION SET NLS_dATE_FORMAT = 'DD-MON-RRRR DAY';

Session altered.

SQL> 
SQL> SELECT SYSDATE , NEXT_DAY(SYSDATE,'FRI')-(7*2)
  2  FROM DUAL;

SYSDATE               NEXT_DAY(SYSDATE,'FRI                                                                                                                                                             
--------------------- ---------------------                                                                                                                                                             
27-MAY-2025 TUESDAY   16-MAY-2025 FRIDAY                                                                                                                                                                

SQL> COMPANY DECLARES INCREMENTS TWO TIMES PER YEAR ON FIRST DATE OF 1st AND 3rd QUARTER AS PER ACCOUNTING YEAR. FIND SECOND INCREMENT DATE FOR EACH EMPLOYEE.
SP2-0734: unknown command beginning "COMPANY DE..." - rest of line ignored.
SQL> 
SQL> REM 1JAN TO 30JUN -> 1-JUL
SQL> 
SQL> REM 1JUL TO 31DEC -> 1-JAN OF NEXT YEAR
SQL> 
SQL> SPOOL OFF
