SQL> 
SQL> REM CHAPTER 4 CONTENTS : 1 CONVERSION FUNCTIONS 2 GENERAL FUNCTIONS
SQL> 
SQL> REM GENERAL FUNCTIONS :
SQL> 
SQL> REM TYPES OF GENERAL FUNCTIONS : 1 NULL RELATED FUNCTIONS  2 CONDITIONAL FUNCTIONS
SQL> 
SQL> REM LIST OF NULL RELATED FUNCTIONS : 1 NVL 2 NVL2 3 NULLIF 4 COALESCE
SQL> 
SQL> REM LIST OF CONDITIONAL FUNCTIONS : 1 DECODE 2 CASE I SYNTAX 3 CASE II SYNTAX
SQL> 
SQL> 
SQL> 
SQL> REM LIST OF NULL RELATED FUNCTIONS : 1 NVL 2 NVL2 3 NULLIF 4 COALESCE
SQL> 
SQL> REM 1 NVL : TO REPLACE VALUES
SQL> 
SQL> SET LINES 200 PAGES 24
SQL> 
SQL> REM COMPANY ANNOUNCE .12 COMMISSION FOR THOSE WHO DO NOT GET COMMISSION.
SQL> 
SQL> SELECT COMMISSION_PCT , NVL(COMMISSION_PCT , .12) NEW_COMM_PCT FROM EMPLOYEES;

COMMISSION_PCT NEW_COMM_PCT                                                                                                                                                                             
-------------- ------------                                                                                                                                                                             
                        .12                                                                                                                                                                             
                        .12                                                                                                                                                                             
                        .12                                                                                                                                                                             
                        .12                                                                                                                                                                             
                        .12                                                                                                                                                                             
                        .12                                                                                                                                                                             
                        .12                                                                                                                                                                             
                        .12                                                                                                                                                                             
                        .12                                                                                                                                                                             
                        .12                                                                                                                                                                             
                        .12                                                                                                                                                                             
            .2           .2                                                                                                                                                                             
            .3           .3                                                                                                                                                                             
            .3           .3                                                                                                                                                                             
           .15          .15                                                                                                                                                                             
                        .12                                                                                                                                                                             
                        .12                                                                                                                                                                             
                        .12                                                                                                                                                                             
                        .12                                                                                                                                                                             
                        .12                                                                                                                                                                             

20 rows selected.

SQL> REM COMPANY ANNOUNCE .15 INCREMENT FOR THOSE WHO DO NOT GET COMMISSION AND .05 INCREMENT IN EXISTING COMMISSION.
SQL> 
SQL> SELECT COMMISSION_PCT , NVL(COMMISSION_PCT + .05 , .15) NEW_COMM_PCT FROM EMPLOYEES;

COMMISSION_PCT NEW_COMM_PCT                                                                                                                                                                             
-------------- ------------                                                                                                                                                                             
                        .15                                                                                                                                                                             
                        .15                                                                                                                                                                             
                        .15                                                                                                                                                                             
                        .15                                                                                                                                                                             
                        .15                                                                                                                                                                             
                        .15                                                                                                                                                                             
                        .15                                                                                                                                                                             
                        .15                                                                                                                                                                             
                        .15                                                                                                                                                                             
                        .15                                                                                                                                                                             
                        .15                                                                                                                                                                             
            .2          .25                                                                                                                                                                             
            .3          .35                                                                                                                                                                             
            .3          .35                                                                                                                                                                             
           .15           .2                                                                                                                                                                             
                        .15                                                                                                                                                                             
                        .15                                                                                                                                                                             
                        .15                                                                                                                                                                             
                        .15                                                                                                                                                                             
                        .15                                                                                                                                                                             

20 rows selected.

SQL> REM IF FIRST ARGUMENT IS OF CHARACTER TYPE, SECOND ARGUMENT MAY BE OF ANY TYPE.
SQL> 
SQL> REM IF FIRST ARGUMENT IS OF NON-CHARACTER TYPE THEN DATA TYPES OF BOTH ARGUMENTS MUST MATCH.
SQL> 
SQL> SELECT EMAIL FROM EMPLOYEES;

EMAIL                                                                                                                                                                                                   
----------                                                                                                                                                                                              
SKING                                                                                                                                                                                                   
NKOCHHAR                                                                                                                                                                                                
LDEHAAN                                                                                                                                                                                                 
AHUNOLD                                                                                                                                                                                                 
BERNST                                                                                                                                                                                                  
DLORENTZ                                                                                                                                                                                                
KMOURGOS                                                                                                                                                                                                
TRAJS                                                                                                                                                                                                   
CDAVIES                                                                                                                                                                                                 
RMATOS                                                                                                                                                                                                  
                                                                                                                                                                                                        
EZLOTKEY                                                                                                                                                                                                
EABEL                                                                                                                                                                                                   
JTAYLOR                                                                                                                                                                                                 
KGRANT                                                                                                                                                                                                  
JWHALEN                                                                                                                                                                                                 
MHARTSTE                                                                                                                                                                                                
PFAY                                                                                                                                                                                                    
SHIGGINS                                                                                                                                                                                                
WGIETZ                                                                                                                                                                                                  

20 rows selected.

SQL> SELECT EMAIL , NVL(EMAIL , SYSDATE) FROM EMPLOYEES;

EMAIL      NVL(EMAIL,SYSDATE)                                                                                                                                                                           
---------- ------------------                                                                                                                                                                           
SKING      SKING                                                                                                                                                                                        
NKOCHHAR   NKOCHHAR                                                                                                                                                                                     
LDEHAAN    LDEHAAN                                                                                                                                                                                      
AHUNOLD    AHUNOLD                                                                                                                                                                                      
BERNST     BERNST                                                                                                                                                                                       
DLORENTZ   DLORENTZ                                                                                                                                                                                     
KMOURGOS   KMOURGOS                                                                                                                                                                                     
TRAJS      TRAJS                                                                                                                                                                                        
CDAVIES    CDAVIES                                                                                                                                                                                      
RMATOS     RMATOS                                                                                                                                                                                       
           19-MAY-25                                                                                                                                                                                    
EZLOTKEY   EZLOTKEY                                                                                                                                                                                     
EABEL      EABEL                                                                                                                                                                                        
JTAYLOR    JTAYLOR                                                                                                                                                                                      
KGRANT     KGRANT                                                                                                                                                                                       
JWHALEN    JWHALEN                                                                                                                                                                                      
MHARTSTE   MHARTSTE                                                                                                                                                                                     
PFAY       PFAY                                                                                                                                                                                         
SHIGGINS   SHIGGINS                                                                                                                                                                                     
WGIETZ     WGIETZ                                                                                                                                                                                       

20 rows selected.

SQL> SELECT COMMISSION_PCT , NVL(COMMISSION_PCT , SYSDATE) FROM EMPLOYEES;
SELECT COMMISSION_PCT , NVL(COMMISSION_PCT , SYSDATE) FROM EMPLOYEES
                                             *
ERROR at line 1:
ORA-00932: inconsistent datatypes: expected NUMBER got DATE 


SQL> REM 1 DISPLAY 0 IF EMPLOYEE DO NOT GET COMMISSION.
SQL> 
SQL> REM 2 DISPLAY 'ZERO' IF EMPLOYEE DO NOT GET COMMISSION.
SQL> 
SQL> 
SQL> SELECT COMMISSION_PCT , NVL(TO_CHAR(COMMISSION_PCT) , SYSDATE) FROM EMPLOYEES;

COMMISSION_PCT NVL(TO_CHAR(COMMISSION_PCT),SYSDATE)                                                                                                                                                     
-------------- ----------------------------------------                                                                                                                                                 
               19-MAY-25                                                                                                                                                                                
               19-MAY-25                                                                                                                                                                                
               19-MAY-25                                                                                                                                                                                
               19-MAY-25                                                                                                                                                                                
               19-MAY-25                                                                                                                                                                                
               19-MAY-25                                                                                                                                                                                
               19-MAY-25                                                                                                                                                                                
               19-MAY-25                                                                                                                                                                                
               19-MAY-25                                                                                                                                                                                
               19-MAY-25                                                                                                                                                                                
               19-MAY-25                                                                                                                                                                                
            .2 .2                                                                                                                                                                                       
            .3 .3                                                                                                                                                                                       
            .3 .3                                                                                                                                                                                       
           .15 .15                                                                                                                                                                                      
               19-MAY-25                                                                                                                                                                                
               19-MAY-25                                                                                                                                                                                
               19-MAY-25                                                                                                                                                                                
               19-MAY-25                                                                                                                                                                                
               19-MAY-25                                                                                                                                                                                

20 rows selected.

SQL> REM 1 DISPLAY 0 IF EMPLOYEE DO NOT GET COMMISSION.
SQL> 
SQL> REM 2 DISPLAY 'ZERO' IF EMPLOYEE DO NOT GET COMMISSION.
SQL> 
SQL> SE
SP2-0042: unknown command "SE" - rest of line ignored.
SQL> 
SQL> 
SQL> REM 1 DISPLAY 0 IF EMPLOYEE DO NOT GET COMMISSION.
SQL> 
SQL> SELECT COMMISSION_PCT , NVL(COMMISSION_PCT,0) NEW_COMM_PCT FROM EMPLOYEES;

COMMISSION_PCT NEW_COMM_PCT                                                                                                                                                                             
-------------- ------------                                                                                                                                                                             
                          0                                                                                                                                                                             
                          0                                                                                                                                                                             
                          0                                                                                                                                                                             
                          0                                                                                                                                                                             
                          0                                                                                                                                                                             
                          0                                                                                                                                                                             
                          0                                                                                                                                                                             
                          0                                                                                                                                                                             
                          0                                                                                                                                                                             
                          0                                                                                                                                                                             
                          0                                                                                                                                                                             
            .2           .2                                                                                                                                                                             
            .3           .3                                                                                                                                                                             
            .3           .3                                                                                                                                                                             
           .15          .15                                                                                                                                                                             
                          0                                                                                                                                                                             
                          0                                                                                                                                                                             
                          0                                                                                                                                                                             
                          0                                                                                                                                                                             
                          0                                                                                                                                                                             

20 rows selected.

SQL> REM 2 DISPLAY 'ZERO' IF EMPLOYEE DO NOT GET COMMISSION.
SQL> 
SQL> SELECT COMMISSION_PCT , NVL(TO_CHAR(COMMISSION_PCT),'ZERO') NEW_COMM_PCT FROM EMPLOYEES;

COMMISSION_PCT NEW_COMM_PCT                                                                                                                                                                             
-------------- ----------------------------------------                                                                                                                                                 
               ZERO                                                                                                                                                                                     
               ZERO                                                                                                                                                                                     
               ZERO                                                                                                                                                                                     
               ZERO                                                                                                                                                                                     
               ZERO                                                                                                                                                                                     
               ZERO                                                                                                                                                                                     
               ZERO                                                                                                                                                                                     
               ZERO                                                                                                                                                                                     
               ZERO                                                                                                                                                                                     
               ZERO                                                                                                                                                                                     
               ZERO                                                                                                                                                                                     
            .2 .2                                                                                                                                                                                       
            .3 .3                                                                                                                                                                                       
            .3 .3                                                                                                                                                                                       
           .15 .15                                                                                                                                                                                      
               ZERO                                                                                                                                                                                     
               ZERO                                                                                                                                                                                     
               ZERO                                                                                                                                                                                     
               ZERO                                                                                                                                                                                     
               ZERO                                                                                                                                                                                     

20 rows selected.

SQL> REM NVL2 : IT IS USED TO REPLACE NULL AS WELL AS NON-NULL VALUE.
SQL> 
SQL> REM COMPANY ANNOUNCE DOUBLE COMMISSION TO THOSE WHO GET COMMISSION AND .15 TO OTHERS.
SQL> 
SQL> SELECT COMMISSION_PCT , NVL2(COMMISSION_PCT , COMMISSION_PCT * 2 , .15 ) NEW_COMM_PCT FROM EMPLOYEES;

COMMISSION_PCT NEW_COMM_PCT                                                                                                                                                                             
-------------- ------------                                                                                                                                                                             
                        .15                                                                                                                                                                             
                        .15                                                                                                                                                                             
                        .15                                                                                                                                                                             
                        .15                                                                                                                                                                             
                        .15                                                                                                                                                                             
                        .15                                                                                                                                                                             
                        .15                                                                                                                                                                             
                        .15                                                                                                                                                                             
                        .15                                                                                                                                                                             
                        .15                                                                                                                                                                             
                        .15                                                                                                                                                                             
            .2           .4                                                                                                                                                                             
            .3           .6                                                                                                                                                                             
            .3           .6                                                                                                                                                                             
           .15           .3                                                                                                                                                                             
                        .15                                                                                                                                                                             
                        .15                                                                                                                                                                             
                        .15                                                                                                                                                                             
                        .15                                                                                                                                                                             
                        .15                                                                                                                                                                             

20 rows selected.

SQL> REM IF DATE TYPE SECOND ARGUMENT IS CHARACTER, DATA TYPE OF THIRD ARGUMENT MAY BE ANY.
SQL> 
SQL> REM IF DATE TYPE SECOND ARGUMENT IS NON-CHARACTER, DATA TYPES OF BOTH ARGUMENTS MUST MATCH.
SQL> 
SQL> 
SQL> REM DISPLAY DOUBLE COMMISSION FOR THOSE WHO GETS COMMISSION AND 'ZERO' FOR OTHERS.
SQL> 
SQL> SELECT COMMISSION_PCT , NVL2 ( COMMISSION_PCT , COMMISSION_PCT * 2 , 'ZERO') NEW_COMM_PCT FROM EMPLOYEES;
SELECT COMMISSION_PCT , NVL2 ( COMMISSION_PCT , COMMISSION_PCT * 2 , 'ZERO') NEW_COMM_PCT FROM EMPLOYEES
                                                                     *
ERROR at line 1:
ORA-01722: invalid number 


SQL> SELECT COMMISSION_PCT , NVL2 ( COMMISSION_PCT , COMMISSION_PCT * 2 , 0 ) NEW_COMM_PCT FROM EMPLOYEES;

COMMISSION_PCT NEW_COMM_PCT                                                                                                                                                                             
-------------- ------------                                                                                                                                                                             
                          0                                                                                                                                                                             
                          0                                                                                                                                                                             
                          0                                                                                                                                                                             
                          0                                                                                                                                                                             
                          0                                                                                                                                                                             
                          0                                                                                                                                                                             
                          0                                                                                                                                                                             
                          0                                                                                                                                                                             
                          0                                                                                                                                                                             
                          0                                                                                                                                                                             
                          0                                                                                                                                                                             
            .2           .4                                                                                                                                                                             
            .3           .6                                                                                                                                                                             
            .3           .6                                                                                                                                                                             
           .15           .3                                                                                                                                                                             
                          0                                                                                                                                                                             
                          0                                                                                                                                                                             
                          0                                                                                                                                                                             
                          0                                                                                                                                                                             
                          0                                                                                                                                                                             

20 rows selected.

SQL> SELECT COMMISSION_PCT , NVL2 ( COMMISSION_PCT , TO_CHAR(COMMISSION_PCT * 2) , 'ZERO') NEW_COMM_PCT FROM EMPLOYEES;

COMMISSION_PCT NEW_COMM_PCT                                                                                                                                                                             
-------------- ----------------------------------------                                                                                                                                                 
               ZERO                                                                                                                                                                                     
               ZERO                                                                                                                                                                                     
               ZERO                                                                                                                                                                                     
               ZERO                                                                                                                                                                                     
               ZERO                                                                                                                                                                                     
               ZERO                                                                                                                                                                                     
               ZERO                                                                                                                                                                                     
               ZERO                                                                                                                                                                                     
               ZERO                                                                                                                                                                                     
               ZERO                                                                                                                                                                                     
               ZERO                                                                                                                                                                                     
            .2 .4                                                                                                                                                                                       
            .3 .6                                                                                                                                                                                       
            .3 .6                                                                                                                                                                                       
           .15 .3                                                                                                                                                                                       
               ZERO                                                                                                                                                                                     
               ZERO                                                                                                                                                                                     
               ZERO                                                                                                                                                                                     
               ZERO                                                                                                                                                                                     
               ZERO                                                                                                                                                                                     

20 rows selected.

SQL> REM 1 DISPLAY 'YES' IF EMPLOEYEE GETS COMMISSION AND 0 FOR OTHERS.
SQL> 
SQL> REM 2 DISPLAY 1 IF EMPLOEYEE GETS COMMISSION AND 'NOTHING' FOR OTHERS.
SQL> 
SQL> 
SQL> 
SQL> REM 1 DISPLAY 'YES' IF EMPLOEYEE GETS COMMISSION AND 0 FOR OTHERS.
SQL> 
SQL> SELECT COMMISSION_PCT , NVL2 ( COMMISSION_PCT , 'YES' , 0 ) NEW_COMM_PCT FROM EMPLOYEES;

COMMISSION_PCT NEW                                                                                                                                                                                      
-------------- ---                                                                                                                                                                                      
               0                                                                                                                                                                                        
               0                                                                                                                                                                                        
               0                                                                                                                                                                                        
               0                                                                                                                                                                                        
               0                                                                                                                                                                                        
               0                                                                                                                                                                                        
               0                                                                                                                                                                                        
               0                                                                                                                                                                                        
               0                                                                                                                                                                                        
               0                                                                                                                                                                                        
               0                                                                                                                                                                                        
            .2 YES                                                                                                                                                                                      
            .3 YES                                                                                                                                                                                      
            .3 YES                                                                                                                                                                                      
           .15 YES                                                                                                                                                                                      
               0                                                                                                                                                                                        
               0                                                                                                                                                                                        
               0                                                                                                                                                                                        
               0                                                                                                                                                                                        
               0                                                                                                                                                                                        

20 rows selected.

SQL> REM 2 DISPLAY 1 IF EMPLOEYEE GETS COMMISSION AND 'NOTHING' FOR OTHERS.
SQL> 
SQL> SELECT COMMISSION_PCT , NVL2 ( COMMISSION_PCT , TO_CHAR(1) , 'NOTHING' ) NEW_COMM_PCT FROM EMPLOYEES;

COMMISSION_PCT NEW_COM                                                                                                                                                                                  
-------------- -------                                                                                                                                                                                  
               NOTHING                                                                                                                                                                                  
               NOTHING                                                                                                                                                                                  
               NOTHING                                                                                                                                                                                  
               NOTHING                                                                                                                                                                                  
               NOTHING                                                                                                                                                                                  
               NOTHING                                                                                                                                                                                  
               NOTHING                                                                                                                                                                                  
               NOTHING                                                                                                                                                                                  
               NOTHING                                                                                                                                                                                  
               NOTHING                                                                                                                                                                                  
               NOTHING                                                                                                                                                                                  
            .2 1                                                                                                                                                                                        
            .3 1                                                                                                                                                                                        
            .3 1                                                                                                                                                                                        
           .15 1                                                                                                                                                                                        
               NOTHING                                                                                                                                                                                  
               NOTHING                                                                                                                                                                                  
               NOTHING                                                                                                                                                                                  
               NOTHING                                                                                                                                                                                  
               NOTHING                                                                                                                                                                                  

20 rows selected.

SQL> SELECT COMMISSION_PCT , NVL2 ( COMMISSION_PCT , '1' , 'NOTHING' ) NEW_COMM_PCT FROM EMPLOYEES;

COMMISSION_PCT NEW_COM                                                                                                                                                                                  
-------------- -------                                                                                                                                                                                  
               NOTHING                                                                                                                                                                                  
               NOTHING                                                                                                                                                                                  
               NOTHING                                                                                                                                                                                  
               NOTHING                                                                                                                                                                                  
               NOTHING                                                                                                                                                                                  
               NOTHING                                                                                                                                                                                  
               NOTHING                                                                                                                                                                                  
               NOTHING                                                                                                                                                                                  
               NOTHING                                                                                                                                                                                  
               NOTHING                                                                                                                                                                                  
               NOTHING                                                                                                                                                                                  
            .2 1                                                                                                                                                                                        
            .3 1                                                                                                                                                                                        
            .3 1                                                                                                                                                                                        
           .15 1                                                                                                                                                                                        
               NOTHING                                                                                                                                                                                  
               NOTHING                                                                                                                                                                                  
               NOTHING                                                                                                                                                                                  
               NOTHING                                                                                                                                                                                  
               NOTHING                                                                                                                                                                                  

20 rows selected.

SQL> REM NULLIF : IT WILL COMPARE BOTH THE ARGUMENTS AND WILL RETURN NULL, IF BOTH ARE EQUAL. OTHERWISE IT WILL RETURN FIRST ARGUMENT.
SQL> 
SQL> SELECT FIRST_NAME , LAST_NAME FROM EMPLOYEES;

FIRST_NAME      LAST_NAME                                                                                                                                                                               
--------------- ---------------                                                                                                                                                                         
Steven          King                                                                                                                                                                                    
Neena           Kochhar                                                                                                                                                                                 
Lex             De Haan                                                                                                                                                                                 
Alexander       Hunold                                                                                                                                                                                  
Bruce           Ernst                                                                                                                                                                                   
Diana           Lorentz                                                                                                                                                                                 
Kevin           Mourgos                                                                                                                                                                                 
Trenna          Rajs                                                                                                                                                                                    
Curtis          Davies                                                                                                                                                                                  
Randall         Matos                                                                                                                                                                                   
Peter           Vargas                                                                                                                                                                                  
Eleni           Zlotkey                                                                                                                                                                                 
Ellen           Abel                                                                                                                                                                                    
Jonathon        Taylor                                                                                                                                                                                  
Kimerely        Grant                                                                                                                                                                                   
Jennifer        Whalen                                                                                                                                                                                  
Michael         Hartstein                                                                                                                                                                               
Pat             Fay                                                                                                                                                                                     
Shelley         Higgins                                                                                                                                                                                 
William         Gietz                                                                                                                                                                                   

20 rows selected.

SQL> SELECT SUBSTR(FIRST_NAME,2,1) , SUBSTR(LAST_NAME,2,1) FROM EMPLOYEES;

SUBS SUBS                                                                                                                                                                                               
---- ----                                                                                                                                                                                               
t    i                                                                                                                                                                                                  
e    o                                                                                                                                                                                                  
e    e                                                                                                                                                                                                  
l    u                                                                                                                                                                                                  
r    r                                                                                                                                                                                                  
i    o                                                                                                                                                                                                  
e    o                                                                                                                                                                                                  
r    a                                                                                                                                                                                                  
u    a                                                                                                                                                                                                  
a    a                                                                                                                                                                                                  
e    a                                                                                                                                                                                                  
l    l                                                                                                                                                                                                  
l    b                                                                                                                                                                                                  
o    a                                                                                                                                                                                                  
i    r                                                                                                                                                                                                  
e    h                                                                                                                                                                                                  
i    a                                                                                                                                                                                                  
a    a                                                                                                                                                                                                  
h    i                                                                                                                                                                                                  
i    i                                                                                                                                                                                                  

20 rows selected.

SQL> SELECT SUBSTR(FIRST_NAME,2,1) , SUBSTR(LAST_NAME,2,1) , NULLIF( SUBSTR(FIRST_NAME,2,1) , SUBSTR(LAST_NAME,2,1) ) FROM EMPLOYEES;

SUBS SUBS NULL                                                                                                                                                                                          
---- ---- ----                                                                                                                                                                                          
t    i    t                                                                                                                                                                                             
e    o    e                                                                                                                                                                                             
e    e                                                                                                                                                                                                  
l    u    l                                                                                                                                                                                             
r    r                                                                                                                                                                                                  
i    o    i                                                                                                                                                                                             
e    o    e                                                                                                                                                                                             
r    a    r                                                                                                                                                                                             
u    a    u                                                                                                                                                                                             
a    a                                                                                                                                                                                                  
e    a    e                                                                                                                                                                                             
l    l                                                                                                                                                                                                  
l    b    l                                                                                                                                                                                             
o    a    o                                                                                                                                                                                             
i    r    i                                                                                                                                                                                             
e    h    e                                                                                                                                                                                             
i    a    i                                                                                                                                                                                             
a    a                                                                                                                                                                                                  
h    i    h                                                                                                                                                                                             
i    i                                                                                                                                                                                                  

20 rows selected.

SQL> REM NULLIF : IT WILL COMPARE BOTH THE ARGUMENTS AND WILL RETURN NULL, IF BOTH ARE EQUAL. OTHERWISE IT WILL RETURN FIRST ARGUMENT.
SQL> 
SQL> SELECT * FROM EMPLOYEES;

EMPLOYEE_ID FIRST_NAME      LAST_NAME       EMAIL      PHONE_NUMBER         HIRE_DATE JOB_ID         SALARY COMMISSION_PCT MANAGER_ID DEPARTMENT_ID                                                     
----------- --------------- --------------- ---------- -------------------- --------- ---------- ---------- -------------- ---------- -------------                                                     
        100 Steven          King            SKING      515.123.4567         17-JUL-87 AD_PRES         24000                                      90                                                     
        101 Neena           Kochhar         NKOCHHAR   515.123.4568         21-SEP-89 AD_VP           17000                       100            90                                                     
        102 Lex             De Haan         LDEHAAN    515.123.4569         13-JAN-93 AD_VP           17000                       100            90                                                     
        103 Alexander       Hunold          AHUNOLD    590.423.4567         03-JAN-90 IT_PROG          9000                       102            60                                                     
        104 Bruce           Ernst           BERNST     590.423.4568         21-MAY-91 IT_PROG          6000                       103            60                                                     
        107 Diana           Lorentz         DLORENTZ   590.423.5567         07-FEB-99 IT_PROG          4200                       103            60                                                     
        124 Kevin           Mourgos         KMOURGOS   650.123.5234         16-NOV-99 ST_MAN           5800                       100            50                                                     
        141 Trenna          Rajs            TRAJS      650.121.8009         17-OCT-95 ST_CLERK         3500                       124            50                                                     
        142 Curtis          Davies          CDAVIES    650.121.2994         29-JAN-97 ST_CLERK         3100                       124            50                                                     
        143 Randall         Matos           RMATOS     650.121.2874         15-MAR-98 ST_CLERK         2600                       124            50                                                     
        144 Peter           Vargas                     650.121.2004         09-JUL-98 ST_CLERK         2500                       124            50                                                     
        149 Eleni           Zlotkey         EZLOTKEY   011.44.1344.429018   29-JAN-00 SA_MAN          10500             .2        100            80                                                     
        174 Ellen           Abel            EABEL      011.44.1644.429267   11-MAY-96 SA_REP          11000             .3        149            80                                                     
        176 Jonathon        Taylor          JTAYLOR    011.44.1644.429265   24-MAR-98 SA_REP           8600             .3        149            80                                                     
        178 Kimerely        Grant           KGRANT     011.44.1644.429263   24-MAY-99 SA_REP           7000            .15        149                                                                   
        200 Jennifer        Whalen          JWHALEN    515.123.4444         17-SEP-87 AD_ASST          4400                       101            10                                                     
        201 Michael         Hartstein       MHARTSTE   515.123.5555         17-FEB-96 MK_MAN          13000                       100            20                                                     
        202 Pat             Fay             PFAY       603.123.6666         17-AUG-97 MK_REP           6000                       201            20                                                     
        205 Shelley         Higgins         SHIGGINS   515.123.8080         07-JUN-94 AC_MGR          12000                       101           110                                                     
        206 William         Gietz           WGIETZ     515.123.8181         07-JUN-94 AC_ACCOUNT       8300                       205           110                                                     

20 rows selected.

SQL> REM 1 COMPARE SECOND LAST CHARACTERS OF FIRST_NAME AND LAST_NAME.
SQL> 
SQL> REM 2 COMPARE SECOND DIGIT OF EMPLOYEE_ID AND MANAGER_ID.
SQL> 
SQL> 
SQL> 
SQL> 
SQL> 
SQL> REM 1 COMPARE SECOND LAST CHARACTERS OF FIRST_NAME AND LAST_NAME.
SQL> 
SQL> SELECT NULLIF( SUBSTR(FIRST_NAME,-2,1) , SUBSTR(LAST_NAME,-2,1)) FROM EMPLOYEES;

NULL                                                                                                                                                                                                    
----                                                                                                                                                                                                    
e                                                                                                                                                                                                       
n                                                                                                                                                                                                       
e                                                                                                                                                                                                       
e                                                                                                                                                                                                       
c                                                                                                                                                                                                       
n                                                                                                                                                                                                       
i                                                                                                                                                                                                       
n                                                                                                                                                                                                       
i                                                                                                                                                                                                       
l                                                                                                                                                                                                       
e                                                                                                                                                                                                       
n                                                                                                                                                                                                       
                                                                                                                                                                                                        
                                                                                                                                                                                                        
l                                                                                                                                                                                                       
                                                                                                                                                                                                        
e                                                                                                                                                                                                       
                                                                                                                                                                                                        
e                                                                                                                                                                                                       
a                                                                                                                                                                                                       

20 rows selected.

SQL> SELECT SUBSTR(FIRST_NAME,-2,1) , SUBSTR(LAST_NAME,-2,1) , NULLIF( SUBSTR(FIRST_NAME,-2,1) , SUBSTR(LAST_NAME,-2,1)) FROM EMPLOYEES;

SUBS SUBS NULL                                                                                                                                                                                          
---- ---- ----                                                                                                                                                                                          
e    n    e                                                                                                                                                                                             
n    a    n                                                                                                                                                                                             
e    a    e                                                                                                                                                                                             
e    l    e                                                                                                                                                                                             
c    s    c                                                                                                                                                                                             
n    t    n                                                                                                                                                                                             
i    o    i                                                                                                                                                                                             
n    j    n                                                                                                                                                                                             
i    e    i                                                                                                                                                                                             
l    o    l                                                                                                                                                                                             
e    a    e                                                                                                                                                                                             
n    e    n                                                                                                                                                                                             
e    e                                                                                                                                                                                                  
o    o                                                                                                                                                                                                  
l    n    l                                                                                                                                                                                             
e    e                                                                                                                                                                                                  
e    i    e                                                                                                                                                                                             
a    a                                                                                                                                                                                                  
e    n    e                                                                                                                                                                                             
a    t    a                                                                                                                                                                                             

20 rows selected.

SQL> REM 2 COMPARE SECOND DIGIT OF EMPLOYEE_ID AND MANAGER_ID.
SQL> 
SQL> SELECT SUBSTR(EMPLOYEE_ID , 2,1) , SUBSTR(MANAGER_ID,2,1) , NULLIF( SUBSTR(EMPLOYEE_ID,2,1) , SUBSTR(MANAGER_ID,2,1)) FROM EMPLOYEES;

SUBS SUBS NULL                                                                                                                                                                                          
---- ---- ----                                                                                                                                                                                          
0         0                                                                                                                                                                                             
0    0                                                                                                                                                                                                  
0    0                                                                                                                                                                                                  
0    0                                                                                                                                                                                                  
0    0                                                                                                                                                                                                  
0    0                                                                                                                                                                                                  
2    0    2                                                                                                                                                                                             
4    2    4                                                                                                                                                                                             
4    2    4                                                                                                                                                                                             
4    2    4                                                                                                                                                                                             
4    2    4                                                                                                                                                                                             
4    0    4                                                                                                                                                                                             
7    4    7                                                                                                                                                                                             
7    4    7                                                                                                                                                                                             
7    4    7                                                                                                                                                                                             
0    0                                                                                                                                                                                                  
0    0                                                                                                                                                                                                  
0    0                                                                                                                                                                                                  
0    0                                                                                                                                                                                                  
0    0                                                                                                                                                                                                  

20 rows selected.

SQL> SELECT * FROM EMPLOYEES;

EMPLOYEE_ID FIRST_NAME      LAST_NAME       EMAIL      PHONE_NUMBER         HIRE_DATE JOB_ID         SALARY COMMISSION_PCT MANAGER_ID DEPARTMENT_ID                                                     
----------- --------------- --------------- ---------- -------------------- --------- ---------- ---------- -------------- ---------- -------------                                                     
        100 Steven          King            SKING      515.123.4567         17-JUL-87 AD_PRES         24000                                      90                                                     
        101 Neena           Kochhar         NKOCHHAR   515.123.4568         21-SEP-89 AD_VP           17000                       100            90                                                     
        102 Lex             De Haan         LDEHAAN    515.123.4569         13-JAN-93 AD_VP           17000                       100            90                                                     
        103 Alexander       Hunold          AHUNOLD    590.423.4567         03-JAN-90 IT_PROG          9000                       102            60                                                     
        104 Bruce           Ernst           BERNST     590.423.4568         21-MAY-91 IT_PROG          6000                       103            60                                                     
        107 Diana           Lorentz         DLORENTZ   590.423.5567         07-FEB-99 IT_PROG          4200                       103            60                                                     
        124 Kevin           Mourgos         KMOURGOS   650.123.5234         16-NOV-99 ST_MAN           5800                       100            50                                                     
        141 Trenna          Rajs            TRAJS      650.121.8009         17-OCT-95 ST_CLERK         3500                       124            50                                                     
        142 Curtis          Davies          CDAVIES    650.121.2994         29-JAN-97 ST_CLERK         3100                       124            50                                                     
        143 Randall         Matos           RMATOS     650.121.2874         15-MAR-98 ST_CLERK         2600                       124            50                                                     
        144 Peter           Vargas                     650.121.2004         09-JUL-98 ST_CLERK         2500                       124            50                                                     
        149 Eleni           Zlotkey         EZLOTKEY   011.44.1344.429018   29-JAN-00 SA_MAN          10500             .2        100            80                                                     
        174 Ellen           Abel            EABEL      011.44.1644.429267   11-MAY-96 SA_REP          11000             .3        149            80                                                     
        176 Jonathon        Taylor          JTAYLOR    011.44.1644.429265   24-MAR-98 SA_REP           8600             .3        149            80                                                     
        178 Kimerely        Grant           KGRANT     011.44.1644.429263   24-MAY-99 SA_REP           7000            .15        149                                                                   
        200 Jennifer        Whalen          JWHALEN    515.123.4444         17-SEP-87 AD_ASST          4400                       101            10                                                     
        201 Michael         Hartstein       MHARTSTE   515.123.5555         17-FEB-96 MK_MAN          13000                       100            20                                                     
        202 Pat             Fay             PFAY       603.123.6666         17-AUG-97 MK_REP           6000                       201            20                                                     
        205 Shelley         Higgins         SHIGGINS   515.123.8080         07-JUN-94 AC_MGR          12000                       101           110                                                     
        206 William         Gietz           WGIETZ     515.123.8181         07-JUN-94 AC_ACCOUNT       8300                       205           110                                                     

20 rows selected.

SQL> REM COMPARE SECOND DIGIT AND SECOND LAST DIGIT OF HIRE_DATE. IF BOTH ARE EQUAL DISPLAY 'SAME' OTHERWISE DISPLAY 'DIFFERENT'
SQL> 
SQL> SELECT SUBSTR(HIRE_DATE  , 2,1) , SUBSTR(HIRE_DATE, -2, 1) ,NVL2(NULLIF(SUBSTR(HIRE_DATE  , 2,1) , SUBSTR(HIRE_DATE, -2, 1)),'DIFFERENT','SAME') FROM EMPLOYEES;

SUBS SUBS NVL2(NULL                                                                                                                                                                                     
---- ---- ---------                                                                                                                                                                                     
7    8    DIFFERENT                                                                                                                                                                                     
1    8    DIFFERENT                                                                                                                                                                                     
3    9    DIFFERENT                                                                                                                                                                                     
3    9    DIFFERENT                                                                                                                                                                                     
1    9    DIFFERENT                                                                                                                                                                                     
7    9    DIFFERENT                                                                                                                                                                                     
6    9    DIFFERENT                                                                                                                                                                                     
7    9    DIFFERENT                                                                                                                                                                                     
9    9    SAME                                                                                                                                                                                          
5    9    DIFFERENT                                                                                                                                                                                     
9    9    SAME                                                                                                                                                                                          
9    0    DIFFERENT                                                                                                                                                                                     
1    9    DIFFERENT                                                                                                                                                                                     
4    9    DIFFERENT                                                                                                                                                                                     
4    9    DIFFERENT                                                                                                                                                                                     
7    8    DIFFERENT                                                                                                                                                                                     
7    9    DIFFERENT                                                                                                                                                                                     
7    9    DIFFERENT                                                                                                                                                                                     
7    9    DIFFERENT                                                                                                                                                                                     
7    9    DIFFERENT                                                                                                                                                                                     

20 rows selected.

SQL> REM COALESCE : IT ACCEPTS INFINITE ARGUMENTS. IT WILL RETURN FIRST NON-NULL VALUE FROM THE LIST.
SQL> 
SQL> SELECT * FROM CONTACTNO;

NAME                     MOBILE     OPHONE     RPHONE                                                                                                                                                   
-------------------- ---------- ---------- ----------                                                                                                                                                   
AMIT                 1234567890 9876543210 1122334455                                                                                                                                                   
BIREN                6644882244            9876452316                                                                                                                                                   
CHETAN                          2277554488                                                                                                                                                              
DHIREN                                     6789054123                                                                                                                                                   
EKTA                                                                                                                                                                                                    

SQL> REM NAME     CONTACT
SQL> 
SQL> 
SQL> SELECT NAME , COALESCE ( MOBILE ,OPHONE , RPHONE) CONTACTNO FROM CONTACTNO;

NAME                  CONTACTNO                                                                                                                                                                         
-------------------- ----------                                                                                                                                                                         
AMIT                 1234567890                                                                                                                                                                         
BIREN                6644882244                                                                                                                                                                         
CHETAN               2277554488                                                                                                                                                                         
DHIREN               6789054123                                                                                                                                                                         
EKTA                                                                                                                                                                                                    

SQL> SELECT NAME , COALESCE ( MOBILE ,OPHONE , RPHONE, 1800600300) CONTACTNO FROM CONTACTNO;

NAME                  CONTACTNO                                                                                                                                                                         
-------------------- ----------                                                                                                                                                                         
AMIT                 1234567890                                                                                                                                                                         
BIREN                6644882244                                                                                                                                                                         
CHETAN               2277554488                                                                                                                                                                         
DHIREN               6789054123                                                                                                                                                                         
EKTA                 1800600300                                                                                                                                                                         

SQL> SELECT NAME , COALESCE ( MOBILE ,OPHONE , RPHONE, '1800600300') CONTACTNO FROM CONTACTNO;
SELECT NAME , COALESCE ( MOBILE ,OPHONE , RPHONE, '1800600300') CONTACTNO FROM CONTACTNO
                                                  *
ERROR at line 1:
ORA-00932: inconsistent datatypes: expected NUMBER got CHAR 


SQL> DESC CONTACTNO
 Name                                                                                                              Null?    Type
 ----------------------------------------------------------------------------------------------------------------- -------- ----------------------------------------------------------------------------
 NAME                                                                                                                       VARCHAR2(20)
 MOBILE                                                                                                                     NUMBER(10)
 OPHONE                                                                                                                     NUMBER(10)
 RPHONE                                                                                                                     NUMBER(10)

SQL> SELECT COMMISSION_PCT , MANAGER_ID , DEPARTMENT_ID FROM EMPLOYEES;

COMMISSION_PCT MANAGER_ID DEPARTMENT_ID                                                                                                                                                                 
-------------- ---------- -------------                                                                                                                                                                 
                                     90                                                                                                                                                                 
                      100            90                                                                                                                                                                 
                      100            90                                                                                                                                                                 
                      102            60                                                                                                                                                                 
                      103            60                                                                                                                                                                 
                      103            60                                                                                                                                                                 
                      100            50                                                                                                                                                                 
                      124            50                                                                                                                                                                 
                      124            50                                                                                                                                                                 
                      124            50                                                                                                                                                                 
                      124            50                                                                                                                                                                 
            .2        100            80                                                                                                                                                                 
            .3        149            80                                                                                                                                                                 
            .3        149            80                                                                                                                                                                 
           .15        149                                                                                                                                                                               
                      101            10                                                                                                                                                                 
                      100            20                                                                                                                                                                 
                      201            20                                                                                                                                                                 
                      101           110                                                                                                                                                                 
                      205           110                                                                                                                                                                 

20 rows selected.

SQL> SELECT COALESCE (COMMISSION_PCT , MANAGER_ID , DEPARTMENT_ID) FROM EMPLOYEES;

COALESCE(COMMISSION_PCT,MANAGER_ID,DEPARTMENT_ID)                                                                                                                                                       
-------------------------------------------------                                                                                                                                                       
                                               90                                                                                                                                                       
                                              100                                                                                                                                                       
                                              100                                                                                                                                                       
                                              102                                                                                                                                                       
                                              103                                                                                                                                                       
                                              103                                                                                                                                                       
                                              100                                                                                                                                                       
                                              124                                                                                                                                                       
                                              124                                                                                                                                                       
                                              124                                                                                                                                                       
                                              124                                                                                                                                                       
                                               .2                                                                                                                                                       
                                               .3                                                                                                                                                       
                                               .3                                                                                                                                                       
                                              .15                                                                                                                                                       
                                              101                                                                                                                                                       
                                              100                                                                                                                                                       
                                              201                                                                                                                                                       
                                              101                                                                                                                                                       
                                              205                                                                                                                                                       

20 rows selected.

SQL> REM NVL , VNL2 , NULLIF , COALESCE
SQL> 
SQL> SELECT * FROM EMPLOYEES;

EMPLOYEE_ID FIRST_NAME      LAST_NAME       EMAIL      PHONE_NUMBER         HIRE_DATE JOB_ID         SALARY COMMISSION_PCT MANAGER_ID DEPARTMENT_ID                                                     
----------- --------------- --------------- ---------- -------------------- --------- ---------- ---------- -------------- ---------- -------------                                                     
        100 Steven          King            SKING      515.123.4567         17-JUL-87 AD_PRES         24000                                      90                                                     
        101 Neena           Kochhar         NKOCHHAR   515.123.4568         21-SEP-89 AD_VP           17000                       100            90                                                     
        102 Lex             De Haan         LDEHAAN    515.123.4569         13-JAN-93 AD_VP           17000                       100            90                                                     
        103 Alexander       Hunold          AHUNOLD    590.423.4567         03-JAN-90 IT_PROG          9000                       102            60                                                     
        104 Bruce           Ernst           BERNST     590.423.4568         21-MAY-91 IT_PROG          6000                       103            60                                                     
        107 Diana           Lorentz         DLORENTZ   590.423.5567         07-FEB-99 IT_PROG          4200                       103            60                                                     
        124 Kevin           Mourgos         KMOURGOS   650.123.5234         16-NOV-99 ST_MAN           5800                       100            50                                                     
        141 Trenna          Rajs            TRAJS      650.121.8009         17-OCT-95 ST_CLERK         3500                       124            50                                                     
        142 Curtis          Davies          CDAVIES    650.121.2994         29-JAN-97 ST_CLERK         3100                       124            50                                                     
        143 Randall         Matos           RMATOS     650.121.2874         15-MAR-98 ST_CLERK         2600                       124            50                                                     
        144 Peter           Vargas                     650.121.2004         09-JUL-98 ST_CLERK         2500                       124            50                                                     
        149 Eleni           Zlotkey         EZLOTKEY   011.44.1344.429018   29-JAN-00 SA_MAN          10500             .2        100            80                                                     
        174 Ellen           Abel            EABEL      011.44.1644.429267   11-MAY-96 SA_REP          11000             .3        149            80                                                     
        176 Jonathon        Taylor          JTAYLOR    011.44.1644.429265   24-MAR-98 SA_REP           8600             .3        149            80                                                     
        178 Kimerely        Grant           KGRANT     011.44.1644.429263   24-MAY-99 SA_REP           7000            .15        149                                                                   
        200 Jennifer        Whalen          JWHALEN    515.123.4444         17-SEP-87 AD_ASST          4400                       101            10                                                     
        201 Michael         Hartstein       MHARTSTE   515.123.5555         17-FEB-96 MK_MAN          13000                       100            20                                                     
        202 Pat             Fay             PFAY       603.123.6666         17-AUG-97 MK_REP           6000                       201            20                                                     
        205 Shelley         Higgins         SHIGGINS   515.123.8080         07-JUN-94 AC_MGR          12000                       101           110                                                     
        206 William         Gietz           WGIETZ     515.123.8181         07-JUN-94 AC_ACCOUNT       8300                       205           110                                                     

20 rows selected.

SQL> REM CONDITIONAL FUNCTIONS : 1 DECODE 2 CASE I 3 CASE II
SQL> 
SQL> SPOOL OFF
